form	lemma	POS	morph
༄༅། །		PUNCT
རྫོགས་ཆེན་	རྫོགས་ཆེན་	NOUN
ཨ་	ཨ་	X
ཏི་	ཏི་	NO_POS
ཟབ་	ཟབ་	VERB
དོན་སྙིང་པོ་	དོན་སྙིང་པོ་	NOUN
འི་	གི་	PART
ཐོག་མ་	ཐོག་མ་	NOUN
ར་	ལ་	PART
དགེ་བ་	དགེ་བ་	VERB
ལམ་	གམ་	PART
སྟེགས་	སྟེགས་	NOUN
སྔོན་འགྲོ་	སྔོན་འགྲོ་	NOUN
འི་	གི་	PART
ཆོས་སྤྱོད་	ཆོས་སྤྱོད་	NOUN
ཟུར་	ཟུར་	NOUN
དུ་	ལ་	PART
ཕྱུང་པ་	ཕྱུང་པ་	VERB
བཞུགས་	བཞུགས་	VERB
སོ་	གོ་	PART
།།		PUNCT
མཛད་པ་པོ་	མཛད་པ་པོ་	VERB
།		PUNCT
སྨིན་	སྨིན་	VERB
གླིང་	གླིང་	NOUN
གཏེར་ཆེན་	གཏེར་ཆེན་	OTHER
འགྱུར་མེད་	འགྱུར་མེད་	NOUN
རྡོ་རྗེ་	རྡོ་རྗེ་	NOUN
འམ་	གམ་	PART
གཏེར་བདག་	གཏེར་བདག་	NO_POS
གླིང་པ་	གླིང་པ་	NOUN
།		PUNCT
མི་	མི་	PART
འགྱུར་	འགྱུར་	VERB
དཔལ་	དཔལ་	OTHER
སྒྲོན་	སྒྲོན་	NOUN
།		PUNCT
གདོད་མ་	གདོད་མ་	OTHER
འི་	གི་	PART
མགོན་	མགོན་	NOUN
དང་	དང་	NO_POS
དབྱེ་	དབྱེ་	VERB
ར་	ལ་	PART
མེད་པ་	མེད་པ་	VERB
། །		PUNCT
གཏེར་ཆེན་	གཏེར་ཆེན་	OTHER
རྗེ་	རྗེ་	NO_POS
དང་	དང་	NO_POS
སྲ་	སྲ་	NOUN
སློབ་	སློབ་	VERB
བཅའ་	བཅའ་	VERB
། །		PUNCT
བརྒྱུད་འཛིན་	བརྒྱུད་འཛིན་	NOUN
གསེར་	གསེར་	NOUN
རི་	རི་	NOUN
འི་	གི་	PART
ཕྲེང་	ཕྲེང་	OTHER
སྣང་བ་	སྣང་བ་	VERB
། །		PUNCT
ཡེ་ཤེས་	ཡེ་ཤེས་	NOUN
ཆེན་པོ་	ཆེན་པོ་	ADJ
འི་	གི་	PART
ངོ་བོ་	ངོ་བོ་	NOUN
ར་	ལ་	PART
འདུད་	འདུད་	NO_POS
། །		PUNCT
ཐར་ལམ་	ཐར་ལམ་	OTHER
བདེ་	བདེ་	VERB
ར་	ལ་	PART
འཇུག་	འཇུག་	VERB
བགྲོད་བྱེད་	བགྲོད་བྱེད་	OTHER
མཆོག་	མཆོག་	ADJ
།		PUNCT
གཞི་	གཞི་	NOUN
དབྱིངས་	དབྱིངས་	NOUN
ཁང་ཆེན་	ཁང་ཆེན་	OTHER
སྐྱོད་པ་	སྐྱོད་པ་	NO_POS
འི་	གི་	PART
ལམ་	གམ་	PART
། །		PUNCT
སྔོན་འགྲོ་	སྔོན་འགྲོ་	NOUN
ཐུན་	ཐུན་	NOUN
དང་	དང་	NO_POS
ཐུན་	ཐུན་	NOUN
མིན་པ་	མིན་པ་	VERB
ས་	གིས་	PART
། །		PUNCT
སྐལ་པ་	སྐལ་པ་	NOUN
ལྡན་	ལྡན་	VERB
རྣམ་	རྣམ་	NOUN
རང་རྒྱུད་	རང་རྒྱུད་	NOUN
སྦྱོངས་	སྦྱོངས་	VERB
། །		PUNCT
འདི་	འདི་	DET
ར་	ལ་	PART
ཟབ་	ཟབ་	VERB
ཆོ་	ཆོ་	NOUN
མཐར་ཐུག་	མཐར་ཐུག་	NOUN
སྨིན་	སྨིན་	VERB
གཏེར་	གཏེར་	NOUN
ཨ་	ཨ་	X
ཏི་	ཏི་	NO_POS
ཟབ་	ཟབ་	VERB
དོན་སྙིང་པོ་	དོན་སྙིང་པོ་	NOUN
འི་	གི་	PART
ལམ་	གམ་	PART
སྟེགས་	སྟེགས་	NOUN
ཀྱི་	གི་	PART
རིམ་པ་	རིམ་པ་	NOUN
ཉམས་	ཉམས་	NOUN
སུ་	ལ་	PART
ལེན་	ལེན་	VERB
ཚུལ་	ཚུལ་	NOUN
དགོད་པ་	དགོད་པ་	VERB
ལ་	ལ་	PART
།		PUNCT
དང་པོ་	དང་པོ་	ADJ
ཐུན་	ཐུན་	NOUN
གྱི་	གི་	PART
སྔོན་འགྲོ་	སྔོན་འགྲོ་	NOUN
ནི་	ནི་	NO_POS
།		PUNCT
ཐོག་མ་	ཐོག་མ་	NOUN
ར་	ལ་	PART
ལྡང་བ་	ལྡང་བ་	VERB
འི་	གི་	PART
རྣལ་འབྱོར་	རྣལ་འབྱོར་	NOUN
གྱིས་	གིས་	PART
ལྡང་ལ་	ལྡང་ལ་	NO_POS
།		PUNCT
བདེ་བ་	བདེ་བ་	VERB
འི་	གི་	PART
སྟན་	སྟན་	NOUN
ལ་	ལ་	PART
ལུས་གནད་	ལུས་གནད་	NO_POS
རྣམ་པ་	རྣམ་པ་	NOUN
ར་	ལ་	PART
སྣང་	སྣང་	VERB
མཛད་	མཛད་	VERB
ཀྱི་	གི་	PART
ཆོ་	ཆོ་	NOUN
བདུན་	བདུན་	NUM
ལྡན་	ལྡན་	VERB
མི་གཡོ་བ་	མི་གཡོ་བ་	NO_POS
ར་	ལ་	PART
དྲང་པོ་	དྲང་པོ་	ADJ
ར་	ལ་	PART
བསྲང་	བསྲང་	NO_POS
སྟེ་	སྟེ་	PART
རླུང་	རླུང་	NOUN
རོ་	རོ་	NOUN
དགུ་ཕྲུགས་	དགུ་ཕྲུགས་	NO_POS
སུ་	ལ་	PART
བསལ་	བསལ་	VERB
།		PUNCT
དེ་ནས་	དེ་ནས་	NO_POS
མཁའ་མཉམ་	མཁའ་མཉམ་	OTHER
སེམས་ཅན་	སེམས་ཅན་	NOUN
གྱི་	གི་	PART
དོན་	དོན་	NOUN
དུ་	ལ་	PART
མན་ངག་	མན་ངག་	NOUN
ཟབ་མོ་	ཟབ་མོ་	ADJ
ཉམས་	ཉམས་	NOUN
སུ་	ལ་	PART
བླང་བ་	བླང་བ་	VERB
ར་	ལ་	PART
བྱ་	བྱ་	VERB
འོ་	གོ་	PART
སྙམ་	སྙམ་	VERB
དུ་	ལ་	PART
བསམ་	བསམ་	NOUN
ན་	ནས་	PART
།		PUNCT
རང་	རང་	PRON
གི་	གི་	PART
སྤྱི་བོ་	སྤྱི་བོ་	NOUN
ར་	ལ་	PART
པདྨ་	པདྨ་	NOUN
ཉི་ཟླ་	ཉི་ཟླ་	NOUN
འི་	གི་	PART
གདན་	གདན་	NOUN
གྱི་	གི་	PART
སྟེང་	སྟེང་	NOUN
དུ་	ལ་	PART
དྲིན་	དྲིན་	NOUN
ཆེན་	ཆེན་	NO_POS
རྩ་བ་	རྩ་བ་	NOUN
འི་	གི་	PART
བླ་མ་	བླ་མ་	NOUN
ཉིད་	ཉིད་	DET
རྒྱུན་	རྒྱུན་	NOUN
གྱི་	གི་	PART
རྣམ་པ་	རྣམ་པ་	NOUN
ཆོ་	ཆོ་	NOUN
འཆད་	འཆད་	VERB
དམ་	གམ་	PART
མཉམ་	མཉམ་	VERB
གཞག་	གཞག་	VERB
གང་	གང་	NO_POS
བདེ་	བདེ་	VERB
ར་	ལ་	PART
བཞུགས་	བཞུགས་	VERB
ཤིང་	ཅིང་	PART
།		PUNCT
གཟི་བྱིན་	གཟི་བྱིན་	OTHER
མཆོག་	མཆོག་	ADJ
ཏུ་	ལ་	PART
འབར་བ་	འབར་བ་	VERB
འི་	གི་	PART
མཚན་དཔེ་	མཚན་དཔེ་	NOUN
འི་	གི་	PART
ལང་ཚོ་	ལང་ཚོ་	OTHER
རབ་ཏུ་	རབ་ཏུ་	NO_POS
རྒྱས་པ་	རྒྱས་པ་	VERB
འི་	གི་	PART
སྐུ་	སྐུ་	NOUN
ཅན་	ཅན་	PART
དུ་	ལ་	PART
ལམ་	གམ་	PART
གྱིས་	གིས་	PART
གསལ་	གསལ་	VERB
ལ་མོ་	ལ་མོ་	OTHER
ས་	གིས་	PART
གདུང་	གདུང་	NOUN
དྲག་པོ་	དྲག་པོ་	ADJ
ས་	གིས་	PART
།		PUNCT
དཔལ་ལྡན་	དཔལ་ལྡན་	ADJ
རྩ་བ་	རྩ་བ་	NOUN
འི་	གི་	PART
བླ་མ་	བླ་མ་	NOUN
རིན་པོ་ཆེ་	རིན་པོ་ཆེ་	ADJ
། །		PUNCT
བདག་	བདག་	PRON
གི་	གི་	PART
སྤྱི་བོ་	སྤྱི་བོ་	NOUN
ར་	ལ་	PART
པདྨ་	པདྨ་	NOUN
འི་	གི་	PART
གདན་	གདན་	NOUN
བཞུགས་	བཞུགས་	VERB
ལ་	ལ་	PART
། །		PUNCT
བཀའ་དྲིན་	བཀའ་དྲིན་	NOUN
ཆེན་པོ་	ཆེན་པོ་	ADJ
འི་	གི་	PART
སྒོ་	སྒོ་	NOUN
ན་	ནས་	PART
རྗེས་	རྗེས་	NOUN
གཟུང་	གཟུང་	VERB
སྟེ་	སྟེ་	PART
། །		PUNCT
སྐུ་གསུང་ཐུགས་	སྐུ་གསུང་ཐུགས་	NOUN
ཀྱི་	གི་	PART
དངོས་གྲུབ་	དངོས་གྲུབ་	NOUN
བསྩལ་	བསྩལ་	NO_POS
དུ་	ལ་	PART
གསོལ་	གསོལ་	VERB
། །		PUNCT
དུས་གསུམ་	དུས་གསུམ་	OTHER
སངས་རྒྱས་	སངས་རྒྱས་	NOUN
ཐམས་ཅད་	ཐམས་ཅད་	DET
ཀྱི་	གི་	PART
ངོ་བོ་	ངོ་བོ་	NOUN
བླ་མ་	བླ་མ་	NOUN
རིན་པོ་ཆེ་	རིན་པོ་ཆེ་	ADJ
མཁྱེན་	མཁྱེན་	VERB
།		PUNCT
བདག་	བདག་	PRON
གི་	གི་	PART
རྒྱུད་	རྒྱུད་	NOUN
སྨིན་	སྨིན་	VERB
ཅིང་	ཅིང་	PART
གྲོལ་བ་	གྲོལ་བ་	VERB
ར་	ལ་	PART
བྱིན་	བྱིན་	VERB
གྱིས་	གིས་	PART
བརླབ་	བརླབ་	NO_POS
ཏུ་	ལ་	PART
གསོལ་	གསོལ་	VERB
།		PUNCT
ཟབ་	ཟབ་	VERB
ལམ་	གམ་	PART
གྱི་	གི་	PART
རྟོགས་པ་	རྟོགས་པ་	VERB
ཁྱད་པར་ཅན་	ཁྱད་པར་ཅན་	ADJ
རྒྱུད་	རྒྱུད་	NOUN
ལ་	ལ་	PART
སྐྱེ་བ་	སྐྱེ་བ་	VERB
ར་	ལ་	PART
བྱིན་	བྱིན་	VERB
གྱིས་	གིས་	PART
བརླབ་	བརླབ་	NO_POS
ཏུ་	ལ་	PART
གསོལ་	གསོལ་	VERB
།		PUNCT
ཚེ་	ཚེ་	NOUN
འདི་ཉིད་	འདི་ཉིད་	OTHER
ལ་	ལ་	PART
ཕྱག་རྒྱ་	ཕྱག་རྒྱ་	NOUN
ཆེན་པོ་	ཆེན་པོ་	ADJ
མཆོག་	མཆོག་	ADJ
གི་	གི་	PART
དངོས་གྲུབ་	དངོས་གྲུབ་	NOUN
མྱུར་	མྱུར་	VERB
དུ་	ལ་	PART
ཐོབ་པ་	ཐོབ་པ་	VERB
ར་	ལ་	PART
བྱིན་	བྱིན་	VERB
གྱིས་	གིས་	PART
བརླབ་	བརླབ་	NO_POS
ཏུ་	ལ་	PART
གསོལ་	གསོལ་	VERB
།		PUNCT
ཞེ་	ཅེས་	PART
གསོལ་འདེབས་	གསོལ་འདེབས་	NOUN
ཀྱི་	གི་	PART
རིམ་པ་	རིམ་པ་	NOUN
མོས་གུས་	མོས་གུས་	NOUN
ཀྱི་	གི་	PART
རྟོགས་པ་	རྟོགས་པ་	VERB
གོང་འཕེལ་	གོང་འཕེལ་	OTHER
མ་	མ་	PART
གྱུར་	གྱུར་	VERB
བ་	བ་	NOUN
ཕུར་ཚུགས་	ཕུར་ཚུགས་	NO_POS
སུ་	ལ་	PART
བཏབ་	བཏབ་	VERB
རྗེས་	རྗེས་	NOUN
།		PUNCT
བླ་མ་	བླ་མ་	NOUN
ཉིད་	ཉིད་	DET
ཐུགས་	ཐུགས་	NOUN
དགྱེས་པ་	དགྱེས་པ་	VERB
ཆེན་པོ་	ཆེན་པོ་	ADJ
ས་	གིས་	PART
སྐུ་	སྐུ་	NOUN
འོད་	འོད་	NOUN
ལྔ་	ལྔ་	NUM
འི་	གི་	PART
གོང་བུ་	གོང་བུ་	OTHER
ར་	ལ་	PART
ལྟེམ་	ལྟེམ་	NO_POS
གྱིས་	གིས་	PART
ཞུ་	ཞུ་	VERB
ན་	ནས་	PART
རང་	རང་	PRON
གི་	གི་	PART
སྤྱི་བོ་	སྤྱི་བོ་	NOUN
ན་	ནས་	PART
སྙིང་	སྙིང་	NOUN
དབུ་	དབུ་	NOUN
སུ་	ལ་	PART
སིབ་	སིབ་	NO_POS
ཀྱིས་	གིས་	PART
ཐིམ་	ཐིམ་	NO_POS
སྟེ་	སྟེ་	PART
།		PUNCT
རང་	རང་	PRON
གི་	གི་	PART
སྒོ་གསུམ་	སྒོ་གསུམ་	OTHER
དང་	དང་	NO_POS
བླ་མ་	བླ་མ་	NOUN
འི་	གི་	PART
རྡོ་རྗེ་	རྡོ་རྗེ་	NOUN
གསུམ་	གསུམ་	NUM
གཉིས་	གཉིས་	NUM
སུ་	ལ་	PART
འཛིན་པ་	འཛིན་པ་	VERB
འི་	གི་	PART
རྟོག་པ་	རྟོག་པ་	VERB
དང་	དང་	NO_POS
ཕྲལ་	ཕྲལ་	NO_POS
ཏེ་	སྟེ་	PART
སྤྲོས་བྲལ་	སྤྲོས་བྲལ་	ADJ
བདེ་བ་	བདེ་བ་	VERB
ཆེན་པོ་	ཆེན་པོ་	ADJ
འི་	གི་	PART
ངང་	ངང་	NOUN
ལ་	ལ་	PART
མཉམ་པ་	མཉམ་པ་	VERB
ར་	ལ་	PART
གཞག་པ་	གཞག་པ་	VERB
ཅི་	ཅི་	NO_POS
གནས་	གནས་	NOUN
སུ་	ལ་	PART
བྱས་རྗེས་	བྱས་རྗེས་	NO_POS
།		PUNCT
དགེ་བ་	དགེ་བ་	VERB
འདི་	འདི་	DET
ཡི་	གིས་	PART
མྱུར་	མྱུར་	VERB
དུ་	ལ་	PART
བདག་	བདག་	PRON
།		PUNCT
དཔལ་ལྡན་	དཔལ་ལྡན་	ADJ
བླ་མ་	བླ་མ་	NOUN
འགྲུབ་	འགྲུབ་	VERB
སོགས་	སོགས་	DET
ཀྱིས་	གིས་	PART
དགེ་བ་	དགེ་བ་	VERB
བསྔོ་བ་	བསྔོ་བ་	VERB
དང་	དང་	NO_POS
བཅའ་	བཅའ་	VERB
བྱ་	བྱ་	VERB
འོ་	གོ་	PART
། །		PUNCT
གཉིས་པ་	གཉིས་པ་	NUM
སྔོན་འགྲོ་	སྔོན་འགྲོ་	NOUN
དངོ་	དངོ་	NOUN
ལ་	ལ་	PART
།		PUNCT
ཐུན་མོང་	ཐུན་མོང་	ADJ
གི་	གི་	PART
ལམ་	གམ་	PART
སྟེགས་	སྟེགས་	NOUN
དང་	དང་	NO_POS
ཐུན་	ཐུན་	NOUN
མིན་	མིན་	AUX
ལམ་	གམ་	PART
གྱི་	གི་	PART
གཞི་	གཞི་	NOUN
སྐྱེད་	སྐྱེད་	VERB
རྫོགས་	རྫོགས་	VERB
མདོར་བསྡུས་	མདོར་བསྡུས་	OTHER
ཙམ་	ཙམ་	DET
གཉིས་	གཉིས་	NUM
ལ་	ལ་	ADP
ས་	གིས་	PART
།		PUNCT
དང་པོ་	དང་པོ་	ADJ
ནི་	ནི་	NO_POS
།		PUNCT
རྩ་བ་	རྩ་བ་	NOUN
ལ་	ལ་	ADP
ས་	གིས་	PART
།		PUNCT
དལ་འབྱོར་	དལ་འབྱོར་	NOUN
རྙེད་	རྙེད་	VERB
དཀའ་	དཀའ་	VERB
འཇིག་པ་	འཇིག་པ་	VERB
ར་	ལ་	PART
སླ་	སླ་	VERB
༔		PUNCT
འཁོར་བ་	འཁོར་བ་	NOUN
འི་	གི་	PART
ཉེས་དམིགས་	ཉེས་དམིགས་	NOUN
རྒྱུ་འབྲས་	རྒྱུ་འབྲས་	NOUN
དང་	དང་	NO_POS
༔		PUNCT
སྐྱབས་འགྲོ་	སྐྱབས་འགྲོ་	OTHER
སེམས་བསྐྱེད་	སེམས་བསྐྱེད་	NOUN
སྡིག་པ་	སྡིག་པ་	VERB
སྦྱང་	སྦྱང་	VERB
༔		PUNCT
ཚོགས་	ཚོགས་	NOUN
གསག་	གསག་	NO_POS
གསོལ་	གསོལ་	VERB
གདབ་	གདབ་	NO_POS
དབང་	དབང་	NOUN
བླང་བ་	བླང་བ་	VERB
༔		PUNCT
བཅུ་	བཅུ་	NUM
ཡི་	གིས་	PART
ཐུན་མོང་	ཐུན་མོང་	ADJ
ལམ་	གམ་	PART
སྟེགས་	སྟེགས་	NOUN
བསྟན་	བསྟན་	VERB
༔		PUNCT
ཞེ་	ཅེས་	PART
བཅུ་		
གསུངས་པ་	གསུངས་པ་	VERB
ས་	གིས་	PART
ཚིག་	ཚིག་	NOUN
རྗེས་སུ་	རྗེས་སུ་	OTHER
བློ་	བློ་	NOUN
གཞོལ་བ་	གཞོལ་བ་	VERB
ས་	གིས་	PART
།		PUNCT
དང་པོ་	དང་པོ་	ADJ
དལ་འབྱོར་	དལ་འབྱོར་	NOUN
རྙེད་	རྙེད་	VERB
དཀའ་བ་	དཀའ་བ་	VERB
ནི་	ནི་	NO_POS
༔		PUNCT
དལ་འབྱོར་	དལ་འབྱོར་	NOUN
རྙེད་	རྙེད་	VERB
དཀའ་	དཀའ་	VERB
ཨུ་	ཨུ་	NO_POS
དུམྦ་		NON_WORD
ར་	ར་	ADP
འདྲ་	འདྲ་	VERB
། །		PUNCT
རྙེད་	རྙེད་	VERB
ན་	ལ་	PART
དོན་	དོན་	NOUN
ཆེ་	ཆེ་	VERB
ཡིད་བཞིན་	ཡིད་བཞིན་	OTHER
ནོར་	ནོར་	NOUN
ལ་	ལ་	ADP
ས་	གིས་	PART
ལྷག་	ལྷག་	NOUN
།		PUNCT
འདི་འདྲ་	འདི་འདྲ་	NO_POS
རྙེད་པ་	རྙེད་པ་	VERB
ད་རེས་	ད་རེས་	ADV
ཙམ་	ཙམ་	DET
ཞིག་	ཅིག་	PART
ལ་	ལ་	PART
། །		PUNCT
དོན་	དོན་	NOUN
ཆེན་	ཆེན་	NO_POS
གཏན་	གཏན་	NOUN
གྱི་	གི་	PART
འདུན་མ་	འདུན་མ་	NOUN
མི་	མི་	PART
སྒྲུབ་པ་	སྒྲུབ་པ་	VERB
ར་	ལ་	PART
། །		PUNCT
དོན་མེད་	དོན་མེད་	ADJ
ཆུད་	ཆུད་	VERB
ཟ་	ཟ་	VERB
ར་	ལ་	PART
གྱུར་པ་	གྱུར་པ་	VERB
བདག་ཅག་	བདག་ཅག་	PRON
ལ་	ལ་	PART
། །		PUNCT
དཀོན་མཆོག་	དཀོན་མཆོག་	NOUN
ཀུན་	ཀུན་	DET
འདུ་	འདུ་	VERB
བླ་མ་	བླ་མ་	NOUN
འི་	གི་	PART
ཐུགས་རྗེ་	ཐུགས་རྗེ་	NOUN
ས་	གིས་	PART
གཟིགས་	གཟིགས་	VERB
། །		PUNCT
དལ་འབྱོར་	དལ་འབྱོར་	NOUN
དོན་ཡོད་	དོན་ཡོད་	ADJ
བྱེད་པ་	བྱེད་པ་	VERB
ར་	ལ་	PART
བྱིན་	བྱིན་	VERB
གྱིས་	གིས་	PART
རློབས་	རློབས་	VERB
། །		PUNCT
དམ་པ་	དམ་པ་	VERB
འི་	གི་	PART
ཆོ་	ཆོ་	NOUN
སྒྲུབ་བྱེད་	སྒྲུབ་བྱེད་	NOUN
རྟེན་	རྟེན་	NOUN
དལ་འབྱོར་	དལ་འབྱོར་	NOUN
རྙེད་	རྙེད་	VERB
དཀའ་བ་	དཀའ་བ་	VERB
འི་	གི་	PART
དམིགས་	དམིགས་	VERB
རྐང་	རྐང་	NOUN
དང་པོ་	དང་པོ་	ADJ
དང་	དང་	NO_POS
།		PUNCT
གཉིས་པ་	གཉིས་པ་	NUM
འཇིག་པ་	འཇིག་པ་	VERB
ར་	ལ་	PART
སླ་བ་	སླ་བ་	VERB
ནི་	ནི་	NO_POS
༔		PUNCT
འདུས་བྱས་	འདུས་བྱས་	NOUN
ཐམས་ཅད་	ཐམས་ཅད་	DET
མི་རྟག་	མི་རྟག་	OTHER
གློག་	གློག་	NOUN
བཞིན་	བཞིན་	NOUN
གཡོ་	གཡོ་	VERB
། །		PUNCT
སྣོད་བཅུད་	སྣོད་བཅུད་	NOUN
གང་	གང་	NO_POS
ལ་	ལ་	PART
བསམ་	བསམ་	NOUN
ཡང་	ཀྱང་	PART
འཇིག་པ་	འཇིག་པ་	VERB
འི་	གི་	PART
ཆོ་	ཆོ་	NOUN
། །		PUNCT
འཆི་བ་	འཆི་བ་	VERB
ར་	ལ་	PART
ངེས་	ངེས་	VERB
ཤིང་	ཅིང་	PART
ནམ་	གམ་	PART
འཆི་	འཆི་	VERB
ཆ་མེད་	ཆ་མེད་	ADJ
ཀྱང་	ཀྱང་	PART
། །		PUNCT
རྟག་	རྟག་	VERB
འཛིན་	འཛིན་	VERB
སེམས་	སེམས་	NOUN
ཀྱིས་	གིས་	PART
རང་	རང་	PRON
མགོ་	མགོ་	NOUN
བསྐོར་	བསྐོར་	VERB
ན་	ནས་	PART
སུ་	ལ་	PART
། །		PUNCT
བག་མེད་	བག་མེད་	NOUN
ངང་	ངང་	NOUN
དུ་	ལ་	PART
གནས་པ་	གནས་པ་	VERB
བདག་ཅག་	བདག་ཅག་	PRON
ལ་	ལ་	PART
། །		PUNCT
དཀོན་མཆོག་	དཀོན་མཆོག་	NOUN
ཀུན་	ཀུན་	DET
འདུ་	འདུ་	VERB
བླ་མ་	བླ་མ་	NOUN
འི་	གི་	PART
ཐུགས་རྗེ་	ཐུགས་རྗེ་	NOUN
ས་	གིས་	PART
གཟིགས་	གཟིགས་	VERB
། །		PUNCT
མི་རྟག་	མི་རྟག་	OTHER
འཆི་བ་	འཆི་བ་	VERB
དྲན་པ་	དྲན་པ་	VERB
ར་	ལ་	PART
བྱིན་	བྱིན་	VERB
གྱིས་	གིས་	PART
རློབས་	རློབས་	VERB
། །		PUNCT
ཆོ་	ཆོ་	NOUN
ལ་	ལ་	PART
བསྐུལ་བ་	བསྐུལ་བ་	VERB
འི་	གི་	PART
རྐྱེན་	རྐྱེན་	NOUN
འདུས་བྱས་	འདུས་བྱས་	NOUN
མི་རྟག་པ་	མི་རྟག་པ་	OTHER
ར་	ལ་	PART
བསམ་པ་	བསམ་པ་	VERB
འི་	གི་	PART
དམིགས་	དམིགས་	VERB
རྐང་གཉིས་པ་	རྐང་གཉིས་པ་	NOUN
དང་	དང་	NO_POS
།		PUNCT
གསུམ་པ་	གསུམ་པ་	NUM
འཁོར་བ་	འཁོར་བ་	NOUN
འི་	གི་	PART
ཉེས་དམིགས་	ཉེས་དམིགས་	NOUN
ལ་	ལ་	PART
བསམ་པ་	བསམ་པ་	VERB
ནི་	ནི་	NO_POS
༔		PUNCT
བཟོད་པ་	བཟོད་པ་	VERB
ར་	ལ་	PART
དཀའ་བ་	དཀའ་བ་	VERB
འི་	གི་	PART
སྡུག་བསྔལ་	སྡུག་བསྔལ་	NOUN
མང་	མང་	VERB
དང་	དང་	NO_POS
ལྡན་	ལྡན་	VERB
། །		PUNCT
བདེ་བ་	བདེ་བ་	VERB
ར་	ལ་	PART
སྣང་བ་	སྣང་བ་	VERB
ས་	གིས་	PART
ཡིད་	ཡིད་	NOUN
བསླུས་	བསླུས་	NO_POS
འགྱུར་བ་	འགྱུར་བ་	VERB
ཅན་	ཅན་	PART
། །		PUNCT
ཟག་བཅས་	ཟག་བཅས་	NOUN
ཕུང་པོ་	ཕུང་པོ་	NOUN
མཐའ་དག་	མཐའ་དག་	DET
སྡུག་བསྔལ་	སྡུག་བསྔལ་	NOUN
རྒྱུ་	རྒྱུ་	NOUN
།		PUNCT
ཁམས་	ཁམས་	NOUN
གསུམ་	གསུམ་	NUM
འཁོར་བ་	འཁོར་བ་	NOUN
མེ་	མེ་	NOUN
ཡི་	གི་	PART
འོབས་	འོབས་	NOUN
འདྲ་	འདྲ་	VERB
ཡང་	ཀྱང་	PART
། །		PUNCT
དེ་ལྟ་	དེ་ལྟ་	NO_POS
མི་	མི་	PART
ཤེ་	ཤེ་	VERB
ཆགས་	ཆགས་	VERB
ལྡན་	ལྡན་	VERB
བདག་ཅག་	བདག་ཅག་	PRON
ལ་	ལ་	PART
། །		PUNCT
དཀོན་མཆོག་	དཀོན་མཆོག་	NOUN
ཀུན་	ཀུན་	DET
འདུ་	འདུ་	VERB
བླ་མ་	བླ་མ་	NOUN
འི་	གི་	PART
ཐུགས་རྗེ་	ཐུགས་རྗེ་	NOUN
ས་	གིས་	PART
གཟིགས་	གཟིགས་	VERB
། །		PUNCT
ངེས་འབྱུང་	ངེས་འབྱུང་	NOUN
བསམ་པ་	བསམ་པ་	VERB
སྐྱེ་བ་	སྐྱེ་བ་	VERB
ར་	ལ་	PART
བྱིན་	བྱིན་	VERB
གྱིས་	གིས་	PART
རློབས་	རློབས་	VERB
། །		PUNCT
ཆོ་	ཆོ་	NOUN
ཀྱི་	གི་	PART
སྲོག་	སྲོག་	NOUN
འཁོར་བ་	འཁོར་བ་	NOUN
འི་	གི་	PART
ཉེས་དམིགས་	ཉེས་དམིགས་	NOUN
ཀྱིས་	གིས་	PART
ངེས་འབྱུང་	ངེས་འབྱུང་	NOUN
བསྐྱེད་པ་	བསྐྱེད་པ་	VERB
འི་	གི་	PART
དམིགས་	དམིགས་	VERB
རྐང་གསུམ་པ་	རྐང་གསུམ་པ་	NO_POS
དང་	དང་	NO_POS
།		PUNCT
བཞི་པ་	བཞི་པ་	ADJ
ལ་	ལ་	ADP
ས་	གིས་	PART
རྒྱུ་འབྲས་	རྒྱུ་འབྲས་	NOUN
ལ་	ལ་	PART
བསམ་པ་	བསམ་པ་	VERB
ནི་	ནི་	NO_POS
༔		PUNCT
དཀར་ནག་	དཀར་ནག་	ADJ
ལས་འབྲས་	ལས་འབྲས་	NOUN
ནམ་ཡང་	ནམ་ཡང་	OTHER
ཆུད་	ཆུད་	VERB
མི་	མི་	PART
ཟ་	ཟ་	VERB
། །		PUNCT
རྒྱུ་འབྲས་	རྒྱུ་འབྲས་	NOUN
བསླུ་བ་	བསླུ་བ་	VERB
མེད་པ་	མེད་པ་	VERB
འི་	གི་	PART
ལམ་	གམ་	PART
འདི་	འདི་	DET
ལ་	ལ་	ADP
ས་	གིས་	PART
། །		PUNCT
འཁོར་	འཁོར་	NOUN
དང་	དང་	NO_POS
མྱ་ངན་	མྱ་ངན་	NOUN
འདས་པ་	འདས་པ་	VERB
འི་	གི་	PART
ཆོ་	ཆོ་	NOUN
སུ་	ལ་	PART
སྣང་	སྣང་	VERB
། །		PUNCT
རང་	རང་	PRON
བྱ་	བྱ་	VERB
རང་	རང་	PRON
ལ་	ལ་	PART
སྨིན་པ་	སྨིན་པ་	VERB
ར་	ལ་	PART
ངེས་	ངེས་	VERB
ན་	ལ་	PART
ཡང་	ཀྱང་	PART
། །		PUNCT
ཚུལ་བཞིན་	ཚུལ་བཞིན་	NOUN
འཇུག་ལྡོག་	འཇུག་ལྡོག་	NO_POS
མི་	མི་	PART
ནུས་	ནུས་	VERB
བདག་ཅག་	བདག་ཅག་	PRON
ལ་	ལ་	PART
། །		PUNCT
དཀོན་མཆོག་	དཀོན་མཆོག་	NOUN
ཀུན་	ཀུན་	DET
འདུ་	འདུ་	VERB
བླ་མ་	བླ་མ་	NOUN
འི་	གི་	PART
ཐུགས་རྗེ་	ཐུགས་རྗེ་	NOUN
ས་	གིས་	PART
གཟིགས་	གཟིགས་	VERB
། །		PUNCT
དགེ་སྡིག་	དགེ་སྡིག་	NOUN
བླང་དོར་	བླང་དོར་	NOUN
བགྱིད་པ་	བགྱིད་པ་	VERB
ར་	ལ་	PART
བྱིན་	བྱིན་	VERB
གྱིས་	གིས་	PART
རློབས་	རློབས་	VERB
། །		PUNCT
ཆོ་	ཆོ་	NOUN
ཀྱི་	གི་	PART
གནད་	གནད་	NOUN
ལ་	ལ་	ADP
ས་	གིས་	PART
རྒྱུ་འབྲས་	རྒྱུ་འབྲས་	NOUN
ལ་	ལ་	PART
ཡིད་ཆེས་	ཡིད་ཆེས་	NOUN
བསྐྱེད་པ་	བསྐྱེད་པ་	VERB
འི་	གི་	PART
དམིགས་	དམིགས་	VERB
རྐང་བཞི་པ་	རྐང་བཞི་པ་	NO_POS
འོ་	གོ་	PART
། །		PUNCT
ལྔ་པ་	ལྔ་པ་	NUM
སྐྱབས་འགྲོ་	སྐྱབས་འགྲོ་	OTHER
བྱ་བ་	བྱ་བ་	VERB
ནི་	ནི་	NO_POS
༔		PUNCT
རང་	རང་	PRON
གི་	གི་	PART
མདུན་	མདུན་	NOUN
གྱི་	གི་	PART
ནམ་མཁའ་	ནམ་མཁའ་	NOUN
ལ་	ལ་	PART
༔		PUNCT
པདྨ་	པདྨ་	NOUN
འི་	གི་	PART
སྡོང་པོ་	སྡོང་པོ་	NOUN
ཡལ་འདབ་	ཡལ་འདབ་	NOUN
བཞི་	བཞི་	NUM
འི་	གི་	PART
༔		PUNCT
དབུ་	དབུ་	NOUN
དང་	དང་	NO_POS
ཕྱོགས་	ཕྱོགས་	NOUN
བཞི་	བཞི་	NUM
ར་	ལ་	PART
རིན་ཆེན་	རིན་ཆེན་	OTHER
ཁྲི་	ཁྲི་	NUM
༔		PUNCT
པདྨ་	པདྨ་	NOUN
ཉི་ཟླ་	ཉི་ཟླ་	NOUN
འི་	གི་	PART
གདན་	གདན་	NOUN
སྟེང་	སྟེང་	NOUN
དུ་	ལ་	PART
༔		PUNCT
དབུ་	དབུ་	NOUN
སུ་	ལ་	PART
བླ་མ་	བླ་མ་	NOUN
རྡོ་རྗེ་	རྡོ་རྗེ་	NOUN
འཆང་	འཆང་	NO_POS
༔		PUNCT
བརྒྱུད་པ་	བརྒྱུད་པ་	VERB
འི་	གི་	PART
བླ་མ་	བླ་མ་	NOUN
ས་	གིས་	PART
བསྐོར་བ་	བསྐོར་བ་	VERB
ར་	ལ་	PART
བསམ་	བསམ་	NOUN
༔		PUNCT
ཤར་ཕྱོགས་	ཤར་ཕྱོགས་	NOUN
རྡོ་རྗེ་	རྡོ་རྗེ་	NOUN
སེམས་དཔའ་	སེམས་དཔའ་	NOUN
ལ་	ལ་	PART
༔		PUNCT
ཡི་དམ་	ཡི་དམ་	NOUN
ཞི་	ཞི་	VERB
ཁྲོ་	ཁྲོ་	VERB
འི་	གི་	PART
ལྷ་ཚོགས་	ལྷ་ཚོགས་	NOUN
བསྐོར་	བསྐོར་	VERB
༔		PUNCT
སངས་རྒྱས་	སངས་རྒྱས་	NOUN
དཀོན་མཆོག་	དཀོན་མཆོག་	NOUN
ཀུན་	ཀུན་	DET
འདུས་པ་	འདུས་པ་	VERB
༔		PUNCT
ལྷོ་ཕྱོགས་	ལྷོ་ཕྱོགས་	NOUN
གདན་	གདན་	NOUN
ལ་	ལ་	PART
ཡུམ་	ཡུམ་	NOUN
ཆེན་	ཆེན་	NO_POS
མོ་	གོ་	PART
༔		PUNCT
དམ་པ་	དམ་པ་	VERB
འི་	གི་	PART
ཆོ་	ཆོ་	NOUN
རྣམས་	རྣམས་	DET
གླེགས་བམ་	གླེགས་བམ་	NOUN
ཚུལ་	ཚུལ་	NOUN
༔		PUNCT
ནུབ་ཕྱོགས་	ནུབ་ཕྱོགས་	NOUN
ཐེག་པ་	ཐེག་པ་	NOUN
ཆེ་ཆུང་	ཆེ་ཆུང་	ADJ
གི་	གི་	PART
༔		PUNCT
དགེ་འདུན་	དགེ་འདུན་	NOUN
དཀོན་མཆོག་	དཀོན་མཆོག་	NOUN
མ་	མ་	PART
ལུས་	ལུས་	NOUN
བསྐྱེད་	བསྐྱེད་	VERB
༔		PUNCT
བྱང་ཕྱོགས་	བྱང་ཕྱོགས་	NOUN
གསང་སྔགས་	གསང་སྔགས་	NOUN
ཕྱི་	ཕྱི་	NOUN
ནང་	ནང་	NOUN
གི་	གི་	PART
༔		PUNCT
མཁའ་འགྲོ་	མཁའ་འགྲོ་	NOUN
ཆོས་སྐྱོང་	ཆོས་སྐྱོང་	NOUN
མ་	མ་	PART
ལུས་	ལུས་	NOUN
བསམ་	བསམ་	NOUN
༔		PUNCT
བདག་	བདག་	PRON
དང་	དང་	NO_POS
འགྲོ་	འགྲོ་	VERB
དྲུག་	དྲུག་	NUM
སེམས་ཅན་	སེམས་ཅན་	NOUN
རྣམས་	རྣམས་	DET
༔		PUNCT
འཁོར་བ་	འཁོར་བ་	NOUN
སྡུག་བསྔལ་	སྡུག་བསྔལ་	NOUN
རྒྱ་མཚོ་	རྒྱ་མཚོ་	NOUN
ལ་	ལ་	ADP
ས་	གིས་	PART
༔		PUNCT
སྒྲོལ་	སྒྲོལ་	VERB
ཕྱི་	ཕྱི་	OTHER
རྩེ་གཅིག་	རྩེ་གཅིག་	ADJ
སྐྱབས་འགྲོ་	སྐྱབས་འགྲོ་	OTHER
བྱ་	བྱ་	VERB
༔		PUNCT
ཀྱེ་མ་	ཀྱེ་མ་	INTJ
༔		PUNCT
འཁོར་བ་	འཁོར་བ་	NOUN
འི་	གི་	PART
སྡུག་བསྔལ་	སྡུག་བསྔལ་	NOUN
བཟོད་པ་	བཟོད་པ་	VERB
ར་	ལ་	PART
དཀའ་བ་	དཀའ་བ་	VERB
ལ་	ལ་	ADP
ས་	གིས་	PART
༔		PUNCT
སྐྱོབ་	སྐྱོབ་	VERB
མཛད་	མཛད་	VERB
བླ་མ་	བླ་མ་	NOUN
ཡི་དམ་	ཡི་དམ་	NOUN
མཁའ་འགྲོ་	མཁའ་འགྲོ་	NOUN
དང་	དང་	NO_POS
༔		PUNCT
སངས་རྒྱས་	སངས་རྒྱས་	NOUN
ཆོ་	ཆོ་	NOUN
ཚོགས་	ཚོགས་	NOUN
དམ་ཅན་	དམ་ཅན་	NOUN
མ་	མ་	PART
ལུས་	ལུས་	NOUN
ལ་	ལ་	PART
༔		PUNCT
བདག་	བདག་	PRON
སོགས་	སོགས་	DET
འགྲོ་	འགྲོ་	VERB
ཀུན་	ཀུན་	DET
གུས་པ་	གུས་པ་	VERB
ས་	གིས་	PART
སྐྱབས་	སྐྱབས་	NOUN
སུ་	ལ་	PART
མཆི་	མཆི་	NO_POS
༔		PUNCT
མ་	མ་	PART
ནོར་	ནོར་	NOUN
ལམ་	གམ་	PART
སྟོན་	སྟོན་	VERB
རྒྱལ་བ་	རྒྱལ་བ་	NOUN
ཀུན་	ཀུན་	DET
གྱི་	གི་	PART
དངོ་	དངོ་	NOUN
༔		PUNCT
བླ་མ་	བླ་མ་	NOUN
རིག་འཛིན་	རིག་འཛིན་	OTHER
རྣམས་	རྣམས་	DET
ལ་	ལ་	PART
སྐྱབས་	སྐྱབས་	NOUN
སུ་	ལ་	PART
མཆི་	མཆི་	NO_POS
༔		PUNCT
སྐུ་བཞི་	སྐུ་བཞི་	OTHER
ཡེ་ཤེས་	ཡེ་ཤེས་	NOUN
ལྔ་	ལྔ་	NUM
ཡི་	གི་	PART
བདག་ཉིད་	བདག་ཉིད་	NOUN
ཅན་	ཅན་	PART
༔		PUNCT
ཕྱོགས་	ཕྱོགས་	NOUN
བཅུ་	བཅུ་	NUM
འི་	གི་	PART
སངས་རྒྱས་	སངས་རྒྱས་	NOUN
རྣམས་	རྣམས་	DET
ལ་	ལ་	PART
སྐྱབས་	སྐྱབས་	NOUN
སུ་	ལ་	PART
མཆི་	མཆི་	NO_POS
༔		PUNCT
ཐེག་	ཐེག་	VERB
གསུམ་	གསུམ་	NUM
ལམ་	གམ་	PART
སྟོན་	སྟོན་	VERB
ཆགས་བྲལ་	ཆགས་བྲལ་	NOUN
གསུང་རབ་	གསུང་རབ་	NOUN
མཆོག་	མཆོག་	ADJ
༔		PUNCT
ལུང་རྟོགས་	ལུང་རྟོགས་	PROPN
དམ་པ་	དམ་པ་	VERB
འི་	གི་	PART
ཆོ་	ཆོ་	NOUN
ལ་	ལ་	PART
སྐྱབས་	སྐྱབས་	NOUN
སུ་	ལ་	PART
མཆི་	མཆི་	NO_POS
༔		PUNCT
ས་ལམ་	ས་ལམ་	OTHER
ལ་	ལ་	PART
གནས་	གནས་	NOUN
ཚོགས་	ཚོགས་	NOUN
ཀྱི་	གི་	PART
མཆོག་གྱུར་པ་	མཆོག་གྱུར་པ་	ADJ
༔		PUNCT
འཕགས་པ་	འཕགས་པ་	VERB
འི་	གི་	PART
དགེ་འདུན་	དགེ་འདུན་	NOUN
རྣམས་	རྣམས་	DET
ལ་	ལ་	PART
སྐྱབས་	སྐྱབས་	NOUN
སུ་	ལ་	PART
མཆི་	མཆི་	NO_POS
༔		PUNCT
མཆོག་	མཆོག་	ADJ
དང་	དང་	NO_POS
ཐུན་མོང་	ཐུན་མོང་	ADJ
དངོས་གྲུབ་	དངོས་གྲུབ་	NOUN
མ་	མ་	PART
ལུས་	ལུས་	NOUN
སྩོལ་	སྩོལ་	VERB
༔		PUNCT
ཡི་དམ་	ཡི་དམ་	NOUN
ཞི་	ཞི་	VERB
ཁྲོ་	ཁྲོ་	VERB
འི་	གི་	PART
ཚོགས་	ཚོགས་	NOUN
ལ་	ལ་	PART
སྐྱབས་	སྐྱབས་	NOUN
སུ་	ལ་	PART
མཆི་	མཆི་	NO_POS
༔		PUNCT
བར་ཆད་	བར་ཆད་	NOUN
ཀུན་	ཀུན་	DET
སེལ་	སེལ་	VERB
ཕྲིན་ལས་	ཕྲིན་ལས་	NOUN
སྒྲུབ་	སྒྲུབ་	VERB
མཛད་པ་	མཛད་པ་	VERB
༔		PUNCT
མཁའ་འགྲོ་	མཁའ་འགྲོ་	NOUN
ཆོས་སྐྱོང་	ཆོས་སྐྱོང་	NOUN
རྣམས་	རྣམས་	DET
ལ་	ལ་	PART
སྐྱབས་	སྐྱབས་	NOUN
སུ་	ལ་	PART
མཆི་	མཆི་	NO_POS
༔		PUNCT
དེང་ནས་	དེང་ནས་	NO_POS
གཟུང་	གཟུང་	VERB
སྟེ་	སྟེ་	PART
བྱང་ཆུབ་	བྱང་ཆུབ་	NOUN
མ་	མ་	PART
འཐོབ་	འཐོབ་	VERB
བ་	བ་	NOUN
༔		PUNCT
བདག་	བདག་	PRON
སོགས་	སོགས་	DET
ཁམས་	ཁམས་	NOUN
གསུམ་	གསུམ་	NUM
སེམས་ཅན་	སེམས་ཅན་	NOUN
ཐམས་ཅད་	ཐམས་ཅད་	DET
ཀྱི་	གི་	PART
༔		PUNCT
སྐྱབས་གནས་	སྐྱབས་གནས་	NOUN
རེ་ལྟོས་	རེ་ལྟོས་	NO_POS
གཞན་	གཞན་	DET
ན་མ་	ན་མ་	PROPN
མཆིས་པ་	མཆིས་པ་	VERB
ས་	གིས་	PART
༔		PUNCT
ཁྱོད་	ཁྱོད་	PRON
ཀྱི་	གི་	PART
ཐུགས་རྗེ་	ཐུགས་རྗེ་	NOUN
ཆེན་པོ་	ཆེན་པོ་	ADJ
ས་	གིས་	PART
སྐྱོབ་	སྐྱོབ་	VERB
ཏུ་	ལ་	PART
གསོལ་	གསོལ་	VERB
༔		PUNCT
དྲུག་པ་	དྲུག་པ་	NUM
སེམས་	སེམས་	NOUN
སྐྱེད་	སྐྱེད་	VERB
ནི་	ནི་	NO_POS
༔		PUNCT
བདག་	བདག་	PRON
གིས་	གིས་	PART
ཕ་མ་	ཕ་མ་	NOUN
ཁམས་	ཁམས་	NOUN
གསུམ་	གསུམ་	NUM
འཁོར་བ་	འཁོར་བ་	NOUN
ཡི་	གི་	PART
༔		PUNCT
སེམས་ཅན་	སེམས་ཅན་	NOUN
སྡུག་བསྔལ་	སྡུག་བསྔལ་	NOUN
རྒྱ་མཚོ་	རྒྱ་མཚོ་	NOUN
ལ་	ལ་	ADP
ས་	གིས་	PART
བསྒྲལ་	བསྒྲལ་	NO_POS
ཕྱི་	ཕྱི་	OTHER
༔		PUNCT
སྙིང་རྗེ་	སྙིང་རྗེ་	NOUN
བྱང་ཆུབ་	བྱང་ཆུབ་	NOUN
མཆོག་	མཆོག་	ADJ
ཏུ་	ལ་	PART
སེམས་བསྐྱེད་	སེམས་བསྐྱེད་	NOUN
ཅིང་	ཅིང་	PART
༔		PUNCT
སེམས་ཅན་	སེམས་ཅན་	NOUN
མ་	མ་	PART
བསྒྲལ་	བསྒྲལ་	NO_POS
བསྒྲལ་	བསྒྲལ་	NO_POS
ཞིང་	ཅིང་	PART
མ་	མ་	PART
གྲོལ་	གྲོལ་	VERB
དགྲོལ་	དགྲོལ་	VERB
༔		PUNCT
དབུགས་དབྱུང་	དབུགས་དབྱུང་	NO_POS
མྱ་ངན་	མྱ་ངན་	NOUN
འདའ་	འདའ་	VERB
ལ་	ལ་	PART
འགོད་པ་	འགོད་པ་	VERB
ར་	ལ་	PART
བྱ་	བྱ་	VERB
༔		PUNCT
སེམས་བསྐྱེད་	སེམས་བསྐྱེད་	NOUN
དེ་	སྟེ་	PART
ཡི་	གིས་	PART
མཐའ་	མཐའ་	NOUN
ཡ་		
འགྲོ་བ་	འགྲོ་བ་	VERB
རྣམས་	རྣམས་	DET
༔		PUNCT
བདེ་	བདེ་	VERB
དང་	དང་	NO_POS
དགེ་བ་	དགེ་བ་	VERB
འི་	གི་	PART
ལས་ལམ་	ལས་ལམ་	NO_POS
སྤྱོད་པ་	སྤྱོད་པ་	VERB
དང་	དང་	NO_POS
༔		PUNCT
སྡུག་བསྔལ་	སྡུག་བསྔལ་	NOUN
མི་དགེ་	མི་དགེ་	NOUN
འི་	གི་	PART
ལ་	ལ་	ADP
ས་	གིས་	PART
རྣམས་	རྣམས་	DET
རྒྱུན་	རྒྱུན་	NOUN
ཆད་	ཆད་	VERB
ཅིང་	ཅིང་	PART
༔		PUNCT
སྡུག་བསྔལ་	སྡུག་བསྔལ་	NOUN
ཀུན་	ཀུན་	DET
བྲལ་	བྲལ་	VERB
བདེ་བ་	བདེ་བ་	VERB
ལྡན་པ་	ལྡན་པ་	VERB
ཡི་	གི་	PART
༔		PUNCT
མཉམ་ཉིད་	མཉམ་ཉིད་	NOUN
ཡེ་ཤེས་	ཡེ་ཤེས་	NOUN
ངང་	ངང་	NOUN
ལ་	ལ་	PART
གནས་	གནས་	NOUN
གྱུར་ཅིག་	གྱུར་ཅིག་	NO_POS
༔		PUNCT
བདུན་པ་	བདུན་པ་	NUM
སྡིག་པ་	སྡིག་པ་	VERB
སྦྱོང་བ་	སྦྱོང་བ་	VERB
ནི་	ནི་	NO_POS
༔		PUNCT
རང་	རང་	PRON
ལུས་	ལུས་	NOUN
ཐ་མལ་	ཐ་མལ་	ADJ
སྤྱི་གཙུག་	སྤྱི་གཙུག་	NOUN
ཏུ་	ལ་	PART
༔		PUNCT
པད་དཀར་	པད་དཀར་	OTHER
ཟླ་བ་	ཟླ་བ་	NOUN
འི་	གི་	PART
དཀྱིལ་འཁོར་	དཀྱིལ་འཁོར་	NOUN
ལ་	ལ་	PART
༔		PUNCT
ཧཱུྃ་		NON_WORD
ལ་	ལ་	ADP
ས་	གིས་	PART
རྡོ་རྗེ་	རྡོ་རྗེ་	NOUN
སེམས་དཔའ་	སེམས་དཔའ་	NOUN
ནི་	ནི་	NO_POS
༔		PUNCT
དཀར་པོ་	དཀར་པོ་	ADJ
རྡོ་རྗེ་	རྡོ་རྗེ་	NOUN
དྲིལ་བུ་	དྲིལ་བུ་	NOUN
འཛིན་	འཛིན་	VERB
༔		PUNCT
རིན་ཆེན་	རིན་ཆེན་	OTHER
རྒྱན་	རྒྱན་	NOUN
སྤྲ་	སྤྲ་	NO_POS
ས་	གིས་	PART
སེམས་	སེམས་	NOUN
སྐྱིལ་	སྐྱིལ་	NO_POS
བཞུགས་	བཞུགས་	VERB
༔		PUNCT
ཐུགས་ཀ་	ཐུགས་ཀ་	NOUN
ར་	ལ་	PART
ཟླ་	ཟླ་	NOUN
སྟེང་	སྟེང་	NOUN
ཧཱུྃ་		NON_WORD
གི་	གི་	PART
མཐ་	མཐའ་	NOUN
ར་	ལ་	PART
༔		PUNCT
སྙིང་པོ་	སྙིང་པོ་	NOUN
ཡི་གེ་	ཡི་གེ་	NOUN
བརྒྱ་པ་	བརྒྱ་པ་	NUM
ས་	གིས་	PART
བསྐོར་	བསྐོར་	VERB
༔		PUNCT
ཨོཾ་	ཨོཾ་	X
བཛྲ་	བཛྲ་	NO_POS
སཏྭ་		NON_WORD
ས་	ས་	ADP
མ་	མ་	PART
ཡ་	ཡ་	NOUN
༔		PUNCT
མ་ནུ་	མ་ནུ་	NO_POS
པཱ་	པཱ་	NO_POS
ལཱ་	ལཱ་	NO_POS
ཡ་	ཡ་	NOUN
༔		PUNCT
བཛྲ་	བཛྲ་	NO_POS
སཏྭ་		NON_WORD
ཏྭེ་		NON_WORD
ནོ་པ་	ནོ་པ་	PART
ཏིཥྛ་		NON_WORD
༔		PUNCT
དྲྀ་		NON_WORD
ཌྷོ་		NON_WORD
མེ་	མེ་	NOUN
བྷ་	བྷ་	NO_POS
ཝ་	ཝ་	OTHER
༔		PUNCT
སུ་	ལ་	PART
ཏོཥྱོ་		NON_WORD
མེ་	མེ་	NOUN
བྷ་	བྷ་	NO_POS
ཝ་	ཝ་	OTHER
༔		PUNCT
སུ་	ལ་	PART
པོཥྱོ་		NON_WORD
མེ་	མེ་	NOUN
བྷ་	བྷ་	NO_POS
ཝ་	ཝ་	OTHER
༔		PUNCT
ཨ་ནུ་	ཨ་ནུ་	NOUN
རཀྟོ་		NON_WORD
མེ་	མེ་	NOUN
བྷ་	བྷ་	NO_POS
ཝ་	ཝ་	OTHER
༔		PUNCT
སརྦ་	སརྦ་	NO_POS
སིདྡྷིམྨེ་		NON_WORD
པྲ་	པྲ་	NOUN
ཡཙྪ་		NON_WORD
༔		PUNCT
སརྦ་	སརྦ་	NO_POS
ཀརྨ་	ཀརྨ་	NO_POS
སུ་	ལ་	PART
ཙ་	ཙ་	NOUN
མེ་	མེ་	NOUN
ཙིཏྟཾ་		NON_WORD
༔		PUNCT
ཤྲེ་		NON_WORD
ཡཱཾཿ་		NON_WORD
ཀུ་རུ་	ཀུ་རུ་	NO_POS
ཧཱུྃ་		NON_WORD
༔		PUNCT
ཧ་	ཧ་	NOUN
ཧ་	ཧ་	NOUN
ཧ་	ཧ་	NOUN
ཧ་	ཧ་	NOUN
ཧོ་	ཧོ་	NO_POS
༔		PUNCT
བྷ་	བྷ་	NO_POS
ག་	ག་	PRON
ཝཱན྄་		NON_WORD
སརྦ་	སརྦ་	NO_POS
ཏ་	ཏ་	OTHER
ཐཱ་		NON_WORD
ག་	ག་	PRON
ཏཱ་	ཏཱ་	NO_POS
བཛྲ་	བཛྲ་	NO_POS
མཱ་	མཱ་	NO_POS
མེ་	མེ་	NOUN
མུཉྩ་		NON_WORD
བཛྲཱི་		NON_WORD
བྷ་	བྷ་	NO_POS
ཝ་	ཝ་	OTHER
མ་	མ་	PART
ཧཱ་		NON_WORD
ས་	ས་	ADP
མ་	མ་	PART
ཡ་	ཡ་	NOUN
སཏྭ་		NON_WORD
ཨཱཿ་		NON_WORD
ཧཱུྃ་		NON_WORD
༔		PUNCT
བཀླག་པ་	བཀླག་པ་	VERB
འི་	གི་	PART
ཚུལ་	ཚུལ་	NOUN
གྱིས་	གིས་	PART
སྔགས་	སྔགས་	NOUN
བཟླས་པ་	བཟླས་པ་	VERB
ས་	གིས་	PART
༔		PUNCT
སྐུ་	སྐུ་	NOUN
དང་	དང་	NO_POS
སྔགས་	སྔགས་	NOUN
ལ་	ལ་	ADP
ས་	གིས་	PART
བདུད་རྩི་	བདུད་རྩི་	NOUN
འི་	གི་	PART
རྒྱུན་	རྒྱུན་	NOUN
༔		PUNCT
དཀ་	དཀའ་	VERB
ར་	ལ་	PART
ན་	ན་	ADP
ར་	ལ་	PART
བབ་	བབ་	VERB
ཏེ་	སྟེ་	PART
སྤྱི་བོ་	སྤྱི་བོ་	NOUN
ར་	ལ་	PART
ཞུགས་	ཞུགས་	VERB
༔		PUNCT
བདག་	བདག་	PRON
གི་	གི་	PART
ལུས་	ལུས་	NOUN
ཀུན་	ཀུན་	DET
གང་བ་	གང་བ་	VERB
ཡི་	གིས་	PART
༔		PUNCT
སྡིག་སྒྲིབ་	སྡིག་སྒྲིབ་	NOUN
དག་	དག་	DET
ན་	ནས་	PART
ཤེལ་	ཤེལ་	NOUN
གོང་	གོང་	NOUN
ལྟ་	ལྟ་	OTHER
༔		PUNCT
དྲི་མ་	དྲི་མ་	NOUN
མེད་པ་	མེད་པ་	VERB
འི་	གི་	PART
ལུས་	ལུས་	NOUN
སུ་	ལ་	PART
གྱུར་	གྱུར་	VERB
༔		PUNCT
སྟོབས་	སྟོབས་	NOUN
བཞི་	བཞི་	NUM
འི་	གི་	PART
གནད་	གནད་	NOUN
དང་	དང་	NO_POS
ལྡན་པ་	ལྡན་པ་	VERB
ས་	གིས་	PART
ཡིག་བརྒྱ་	ཡིག་བརྒྱ་	NO_POS
བཟླས་	བཟླས་	NO_POS
ལ་	ལ་	PART
།		PUNCT
མགོན་པོ་	མགོན་པོ་	NOUN
བདག་	བདག་	PRON
ནི་	ནི་	NO_POS
མི་	མི་	PART
ཤེ་	ཤེ་	VERB
རྨོངས་པ་	རྨོངས་པ་	VERB
ཡི་	གིས་	PART
། །		PUNCT
དམ་ཚིག་	དམ་ཚིག་	NOUN
ལ་	ལ་	ADP
ས་	གིས་	PART
ནི་	ནི་	NO_POS
འགལ་	འགལ་	VERB
ཞིང་	ཅིང་	PART
ཉམས་	ཉམས་	NOUN
། །		PUNCT
བླ་མ་	བླ་མ་	NOUN
མགོན་པོ་	མགོན་པོ་	NOUN
ས་	གིས་	PART
སྐྱབས་	སྐྱབས་	NOUN
མཛོད་	མཛོད་	NOUN
ཅིག་	ཅིག་	PART
།		PUNCT
གཙོ་བོ་	གཙོ་བོ་	ADJ
རྡོ་རྗེ་	རྡོ་རྗེ་	NOUN
འཛིན་པ་	འཛིན་པ་	VERB
སྟེ་	སྟེ་	PART
། །		PUNCT
ཐུགས་རྗེ་	ཐུགས་རྗེ་	NOUN
ཆེན་པོ་	ཆེན་པོ་	ADJ
འི་	གི་	PART
བདག་ཉིད་	བདག་ཉིད་	NOUN
ཅན་	ཅན་	PART
། །		PUNCT
འགྲོ་བ་	འགྲོ་བ་	VERB
འི་	གི་	PART
གཙོ་	གཙོ་	NOUN
ལ་	ལ་	PART
བདག་	བདག་	PRON
སྐྱབས་	སྐྱབས་	NOUN
མཆི་	མཆི་	NO_POS
། །		PUNCT
སྐུ་གསུང་ཐུགས་	སྐུ་གསུང་ཐུགས་	NOUN
རྩ་བ་	རྩ་བ་	NOUN
དང་	དང་	NO_POS
ཡན་ལག་	ཡན་ལག་	NOUN
གི་	གི་	PART
དམ་ཚིག་	དམ་ཚིག་	NOUN
ཉམས་ཆག་	ཉམས་ཆག་	OTHER
ཐམས་ཅད་	ཐམས་ཅད་	DET
མཐོལ་	མཐོལ་	NO_POS
ཞིང་	ཅིང་	PART
བཤགས་	བཤགས་	NO_POS
སོ་	གོ་	PART
། །		PUNCT
སྡིག་སྒྲིབ་	སྡིག་སྒྲིབ་	NOUN
ཉེས་ལྟུང་	ཉེས་ལྟུང་	NOUN
དྲི་མ་	དྲི་མ་	NOUN
འི་	གི་	PART
ཚོགས་	ཚོགས་	NOUN
ཐམས་ཅད་	ཐམས་ཅད་	DET
བྱང་	བྱང་	NOUN
ཞིང་	ཅིང་	PART
དག་པ་	དག་པ་	VERB
ར་	ལ་	PART
མཛད་	མཛད་	VERB
དུ་	ལ་	PART
གསོལ་	གསོལ་	VERB
།		PUNCT
ཞེ་	ཅེས་	PART
གསོལ་བ་	གསོལ་བ་	VERB
བཏབ་པ་	བཏབ་པ་	VERB
ས་	གིས་	PART
ལུས་	ལུས་	NOUN
ཀྱི་	གི་	PART
ནང་འཁོར་	ནང་འཁོར་	NO_POS
ལོ་	གོ་	PART
བཞི་	བཞི་	NUM
འི་	གི་	PART
གནས་	གནས་	NOUN
རྣམས་	རྣམས་	DET
བྱང་ཆུབ་	བྱང་ཆུབ་	NOUN
སེམས་	སེམས་	NOUN
ཀྱི་	གི་	PART
བདུད་རྩི་	བདུད་རྩི་	NOUN
ས་	གིས་	PART
སྐྱ་	སྐྱ་	VERB
མེ་	མེ་	NOUN
ར་	ལ་	PART
གྱིས་	གིས་	PART
ཁེངས་	ཁེངས་	VERB
།		PUNCT
སྡིག་སྒྲིབ་	སྡིག་སྒྲིབ་	NOUN
ཐམས་ཅད་	ཐམས་ཅད་	DET
སངས་	སངས་	VERB
ཀྱིས་	གིས་	PART
དག་	དག་	DET
།		PUNCT
ལུས་སེམས་	ལུས་སེམས་	NOUN
ཟག་མེད་	ཟག་མེད་	ADJ
ཀྱི་	གི་	PART
བདེ་བ་	བདེ་བ་	VERB
ས་	གིས་	PART
མྱོས་པ་	མྱོས་པ་	VERB
ར་	ལ་	PART
བསམ་	བསམ་	NOUN
ཞིང་	ཅིང་	PART
།		PUNCT
རྡོ་རྗེ་	རྡོ་རྗེ་	NOUN
སེམས་དཔའ་	སེམས་དཔའ་	NOUN
དགྱེས་	དགྱེས་	NO_POS
ཤིང་	ཅིང་	PART
འཛུམ་པ་	འཛུམ་པ་	VERB
ར་	ལ་	PART
མཛད་	མཛད་	VERB
དེ་	སྟེ་	PART
།		PUNCT
རིགས་	རིགས་	NOUN
ཀྱི་	གི་	PART
བུ་	བུ་	NOUN
ཁྱོད་	ཁྱོད་	PRON
ཀྱི་	གི་	PART
སྡིག་སྒྲིབ་	སྡིག་སྒྲིབ་	NOUN
ཉེས་ལྟུང་	ཉེས་ལྟུང་	NOUN
ཐམས་ཅད་	ཐམས་ཅད་	DET
དག་པ་	དག་པ་	VERB
ཡིན་	ཡིན་	NO_POS
ནོ་	གོ་	PART
། །		PUNCT
ཞེ་	ཅེས་	PART
གནང་བ་	གནང་བ་	NO_POS
བྱིན་	བྱིན་	VERB
ཏེ་	སྟེ་	PART
འོད་	འོད་	NOUN
དུ་	ལ་	PART
ཞུ་བ་	ཞུ་བ་	VERB
རང་	རང་	PRON
ལ་	ལ་	PART
བསྟིམ་	བསྟིམ་	NO_POS
།		PUNCT
རང་ཉིད་	རང་ཉིད་	OTHER
རྡོ་རྗེ་	རྡོ་རྗེ་	NOUN
སེམས་དཔའ་	སེམས་དཔའ་	NOUN
སྣང་སྟོང་	སྣང་སྟོང་	NO_POS
མེ་ལོང་	མེ་ལོང་	NOUN
གི་	གི་	PART
གཟུགས་བརྙན་	གཟུགས་བརྙན་	NOUN
ལྟ་	ལྟ་	OTHER
གསལ་བ་	གསལ་བ་	VERB
ལ་	ལ་	PART
བློ་	བློ་	NOUN
བཞག་	བཞག་	VERB
ན་	ནས་	PART
།		PUNCT
སྡིག་	སྡིག་	NOUN
བཤགས་	བཤགས་	NO_POS
གཞན་	གཞན་	DET
ཡང་	ཀྱང་	PART
ཅི་	ཅི་	NO_POS
ཤེ་	ཤེ་	VERB
སུ་	ལ་	PART
བྱ་	བྱ་	VERB
ཞིང་	ཅིང་	PART
སྡིག་སྒྲིབ་	སྡིག་སྒྲིབ་	NOUN
སྦྱང་བྱ་	སྦྱང་བྱ་	NO_POS
སྦྱོང་བྱེད་	སྦྱོང་བྱེད་	OTHER
སོགས་	སོགས་	DET
ཀྱི་	གི་	PART
ངོ་བོ་	ངོ་བོ་	NOUN
ལ་	ལ་	PART
གཅེ་	གཅེ་	NO_POS
ར་	ལ་	PART
གྱིས་	གིས་	PART
བལྟ་	བལྟ་	VERB
ཏེ་	སྟེ་	PART
སྟོང་གསལ་	སྟོང་གསལ་	NO_POS
ཟུང་འཇུག་	ཟུང་འཇུག་	NOUN
སྤྲོས་བྲལ་	སྤྲོས་བྲལ་	ADJ
ངང་	ངང་	NOUN
དུ་	ལ་	PART
གཞག་	གཞག་	VERB
གོ་	གོ་	PART
།		PUNCT
བརྒྱད་པ་	བརྒྱད་པ་	NUM
ཚོགས་	ཚོགས་	NOUN
གསག་པ་	གསག་པ་	NO_POS
ནི་	ནི་	NO_POS
༔		PUNCT
ན་མོ་	ན་མོ་	X
༔		PUNCT
རིན་ཆེན་	རིན་ཆེན་	OTHER
བཞི་	བཞི་	NUM
ལྡན་	ལྡན་	VERB
གསེར་	གསེར་	NOUN
རི་	རི་	NOUN
ལྷུན་པོ་	ལྷུན་པོ་	OTHER
དང་	དང་	NO_POS
༔		PUNCT
གླིང་བཞི་	གླིང་བཞི་	NO_POS
ཉི་ཟླ་	ཉི་ཟླ་	NOUN
ལྕགས་རི་	ལྕགས་རི་	OTHER
མུ་ཁྱུད་	མུ་ཁྱུད་	NOUN
བཅའ་	བཅའ་	VERB
༔		PUNCT
ལྷ་	ལྷ་	NOUN
མི་	མི་	PART
འི་	གི་	PART
ལོངས་སྤྱོད་	ལོངས་སྤྱོད་	NOUN
ཕུན་སུམ་	ཕུན་སུམ་	OTHER
ཚོགས་	ཚོགས་	NOUN
ལྡན་པ་	ལྡན་པ་	VERB
༔		PUNCT
བླ་མ་	བླ་མ་	NOUN
སྤྲུལ་པ་	སྤྲུལ་པ་	VERB
འི་	གི་	PART
སྐུ་	སྐུ་	NOUN
ཡི་	གི་	PART
ཞིང་	ཅིང་	PART
དུ་	ལ་	PART
འབུལ་	འབུལ་	NO_POS
༔		PUNCT
འགྲོ་	འགྲོ་	VERB
ཀུན་	ཀུན་	DET
སྤྲུལ་སྐུ་	སྤྲུལ་སྐུ་	NOUN
འི་	གི་	PART
ཞིང་	ཅིང་	PART
དུ་	ལ་	PART
འཚང་	འཚང་	VERB
རྒྱ་ཤོག་	རྒྱ་ཤོག་	NO_POS
༔		PUNCT
བདག་	བདག་	PRON
གིས་	གིས་	PART
ཡོངས་	ཡོངས་	DET
བཟུང་	བཟུང་	NO_POS
བུ་	བུ་	NOUN
དང་	དང་	NO_POS
བུ་མོ་	བུ་མོ་	NOUN
དང་	དང་	NO_POS
༔		PUNCT
འཁོར་	འཁོར་	NOUN
དང་	དང་	NO_POS
ལོངས་སྤྱོད་	ལོངས་སྤྱོད་	NOUN
མཛེས་སྡུག་	མཛེས་སྡུག་	OTHER
མ་ལུས་པ་	མ་ལུས་པ་	OTHER
༔		PUNCT
འཇིག་རྟེན་	འཇིག་རྟེན་	NOUN
འདི་	འདི་	DET
ཡི་	གི་	PART
གཅེ་	གཅེ་	VERB
རྒུ་	རྒུ་	VERB
ཀུན་	ཀུན་	DET
བསྡུ་	བསྡུ་	VERB
ན་	ནས་	PART
༔		PUNCT
བླ་མ་	བླ་མ་	NOUN
ལོངས་སྤྱོད་	ལོངས་སྤྱོད་	NOUN
རྫོགས་	རྫོགས་	VERB
སྐུ་	སྐུ་	NOUN
འི་	གི་	PART
ཞིང་	ཅིང་	PART
དུ་	ལ་	PART
འབུལ་	འབུལ་	NO_POS
༔		PUNCT
འགྲོ་	འགྲོ་	VERB
ཀུན་	ཀུན་	DET
ལོངས་སྐུ་	ལོངས་སྐུ་	NOUN
འི་	གི་	PART
ཞིང་	ཅིང་	PART
དུ་	ལ་	PART
འཚང་	འཚང་	VERB
རྒྱ་ཤོག་	རྒྱ་ཤོག་	NO_POS
༔		PUNCT
རང་	རང་	PRON
ལུས་	ལུས་	NOUN
འབྱུང་	འབྱུང་	VERB
བཞི་	བཞི་	NUM
ཤ་ཁྲག་	ཤ་ཁྲག་	NOUN
སྣ་ཚོགས་པ་	སྣ་ཚོགས་པ་	DET
༔		PUNCT
དབང་པོ་	དབང་པོ་	NOUN
སྒོ་	སྒོ་	NOUN
ལྔ་	ལྔ་	NUM
གཙང་	གཙང་	PROPN
ཞིང་	ཅིང་	PART
མཛེས་པ་	མཛེས་པ་	VERB
ས་	གིས་	PART
བརྒྱན་	བརྒྱན་	VERB
༔		PUNCT
ཞེན་འཛིན་	ཞེན་འཛིན་	NO_POS
བྲལ་བ་	བྲལ་བ་	VERB
འི་	གི་	PART
བློ་	བློ་	NOUN
ཡི་	གིས་	PART
ཀུན་	ཀུན་	DET
བླངས་	བླངས་	VERB
ན་	ནས་	PART
༔		PUNCT
བླ་མ་	བླ་མ་	NOUN
ཆོ་	ཆོ་	NOUN
ཀྱི་	གི་	PART
སྐུ་	སྐུ་	NOUN
ཡི་	གི་	PART
ཞིང་	ཅིང་	PART
དུ་	ལ་	PART
འབུལ་	འབུལ་	NO_POS
༔		PUNCT
འགྲོ་	འགྲོ་	VERB
ཀུན་	ཀུན་	DET
ཆོས་སྐུ་	ཆོས་སྐུ་	NOUN
འི་	གི་	PART
ཞིང་	ཅིང་	PART
དུ་	ལ་	PART
འཚང་	འཚང་	VERB
རྒྱ་ཤོག་	རྒྱ་ཤོག་	NO_POS
༔		PUNCT
ཆོས་དབྱིངས་	ཆོས་དབྱིངས་	NOUN
སྟོང་གསལ་	སྟོང་གསལ་	NO_POS
དག་པ་	དག་པ་	VERB
འི་	གི་	PART
ཀློང་ཡངས་	ཀློང་ཡངས་	OTHER
སུ་	ལ་	PART
༔		PUNCT
རང་རིག་	རང་རིག་	NO_POS
རང་	རང་	PRON
གསལ་	གསལ་	VERB
རྡོ་རྗེ་	རྡོ་རྗེ་	NOUN
ལུ་གུ་རྒྱུད་	ལུ་གུ་རྒྱུད་	NO_POS
༔		PUNCT
ཐུགས་རྗེ་	ཐུགས་རྗེ་	NOUN
མ་	མ་	PART
འགག་	འགག་	VERB
ས་	གིས་	PART
རོལ་པ་	རོལ་པ་	VERB
འོད་	འོད་	NOUN
ལྔ་	ལྔ་	NUM
འི་	གི་	PART
ཞིང་	ཅིང་	PART
༔		PUNCT
བླ་མ་	བླ་མ་	NOUN
ངོ་བོ་	ངོ་བོ་	NOUN
ཉིད་	ཉིད་	DET
སྐུ་	སྐུ་	NOUN
འི་	གི་	PART
ཞིང་	ཅིང་	PART
དུ་	ལ་	PART
འབུལ་	འབུལ་	NO_POS
༔		PUNCT
འགྲོ་	འགྲོ་	VERB
ཀུན་	ཀུན་	DET
ངོ་བོ་	ངོ་བོ་	NOUN
ཉིད་	ཉིད་	DET
སྐུ་	སྐུ་	NOUN
འཚང་	འཚང་	VERB
རྒྱ་ཤོག་	རྒྱ་ཤོག་	NO_POS
༔		PUNCT
དགུ་པ་	དགུ་པ་	ADJ
གསོལ་བ་	གསོལ་བ་	VERB
གདབ་པ་	གདབ་པ་	VERB
ནི་	ནི་	NO_POS
༔		PUNCT
ཡུལ་	ཡུལ་	NOUN
སྐྱེད་པ་	སྐྱེད་པ་	VERB
ར་	ལ་	PART
བྱ་	བྱ་	VERB
སྟེ་	སྟེ་	PART
༔		PUNCT
རང་	རང་	PRON
གི་	གི་	PART
སྤྱི་བོ་	སྤྱི་བོ་	NOUN
ར་	ལ་	PART
དཔག་བསམ་	དཔག་བསམ་	OTHER
གྱི་	གི་	PART
༔		PUNCT
སྡོང་པོ་	སྡོང་པོ་	NOUN
པདྨ་	པདྨ་	NOUN
འི་	གི་	PART
ཟེའུ་འབྲུ་	ཟེའུ་འབྲུ་	NOUN
ལ་	ལ་	PART
༔		PUNCT
ཉི་ཟླ་	ཉི་ཟླ་	NOUN
ད་	ད་	NOUN
གྱི་	གི་	PART
ལྷུག་	ལྷུག་	NO_POS
གདན་	གདན་	NOUN
དབུ་	དབུ་	NOUN
༔		PUNCT
དུས་གསུམ་	དུས་གསུམ་	OTHER
སངས་རྒྱས་	སངས་རྒྱས་	NOUN
ཀུན་	ཀུན་	DET
གྱི་	གི་	PART
དངོ་	དངོ་	NOUN
༔		PUNCT
རྩ་བ་	རྩ་བ་	NOUN
འི་	གི་	PART
བླ་མ་	བླ་མ་	NOUN
རྡོ་རྗེ་	རྡོ་རྗེ་	NOUN
འཆང་	འཆང་	NO_POS
༔		PUNCT
ལོངས་སྤྱོད་	ལོངས་སྤྱོད་	NOUN
རྫོགས་པ་	རྫོགས་པ་	VERB
འི་	གི་	PART
ཆ་བྱད་	ཆ་བྱད་	NOUN
ཅན་	ཅན་	PART
༔		PUNCT
སྐུ་མདོག་	སྐུ་མདོག་	NOUN
སྔོན་པོ་	སྔོན་པོ་	ADJ
འོད་ཟེར་	འོད་ཟེར་	NOUN
འབའ་	འབའ་	VERB
༔		PUNCT
ཕྱག་	ཕྱག་	NOUN
གཉིས་	གཉིས་	NUM
རྡོ་རྗེ་	རྡོ་རྗེ་	NOUN
དྲིལ་བུ་	དྲིལ་བུ་	NOUN
འཛིན་	འཛིན་	VERB
༔		PUNCT
ཞབས་	ཞབས་	NOUN
གཉིས་	གཉིས་	NUM
རྡོ་རྗེ་	རྡོ་རྗེ་	NOUN
འི་	གི་	PART
སྐྱིལ་ཀྲུང་	སྐྱིལ་ཀྲུང་	NOUN
བཞུགས་	བཞུགས་	VERB
༔		PUNCT
གསང་ཡུམ་	གསང་ཡུམ་	NO_POS
ཡེ་ཤེས་	ཡེ་ཤེས་	NOUN
ཌཱ་ཀི་	ཌཱ་ཀི་	NOUN
མ་	མ་	PART
༔		PUNCT
དམར་མོ་	དམར་མོ་	ADJ
གྲི་གུག་	གྲི་གུག་	NOUN
ཐོད་པ་	ཐོད་པ་	NOUN
འཛིན་	འཛིན་	VERB
༔		PUNCT
ལངས་	ལངས་	VERB
ཚོ་	ཚོ་	DET
ལྡན་པ་	ལྡན་པ་	VERB
སྐུ་	སྐུ་	NOUN
ལ་	ལ་	PART
འཁྲིལ་	འཁྲིལ་	NO_POS
༔		PUNCT
དེ་	སྟེ་	PART
ཡི་	གི་	PART
སྤྱི་གཙུག་	སྤྱི་གཙུག་	NOUN
པདྨ་	པདྨ་	NOUN
གསུམ་	གསུམ་	NUM
༔		PUNCT
དབུ་	དབུ་	NOUN
སུ་	ལ་	PART
པདྨ་	པདྨ་	NOUN
འབྱུང་གནས་	འབྱུང་གནས་	NOUN
ལ་	ལ་	PART
༔		PUNCT
གཡའ་	གཡའ་	NOUN
སུ་	ལ་	PART
བི་	བི་	NO_POS
མ་	མ་	PART
མི་	མི་	PART
ཏྲ་		NON_WORD
དང་	དང་	NO_POS
༔		PUNCT
གཡོན་	གཡོན་	NOUN
དུ་	ལ་	PART
བཻ་རོ་ཙ་ན་	བཻ་རོ་ཙ་ན་	PROPN
བསྒོམ་	བསྒོམ་	VERB
༔		PUNCT
དེ་	སྟེ་	PART
སྟེང་	སྟེང་	NOUN
པདྨ་	པདྨ་	NOUN
སུམ་བརྩེགས་	སུམ་བརྩེགས་	NO_POS
ལ་	ལ་	PART
༔		PUNCT
འོག་མ་	འོག་མ་	ADJ
ཤྲཱི་		NON_WORD
སིང་	སིང་	NO_POS
ཧ་ལ་	ཧ་ལ་	NO_POS
༔		PUNCT
འཇམ་དཔལ་	འཇམ་དཔལ་	PROPN
བཤེས་གཉེན་	བཤེས་གཉེན་	NOUN
དགའ་རབ་	དགའ་རབ་	ADJ
དང་	དང་	NO_POS
༔		PUNCT
རྡོ་རྗེ་	རྡོ་རྗེ་	NOUN
སེམས་དཔའ་	སེམས་དཔའ་	NOUN
ཀུན་བཟང་	ཀུན་བཟང་	ADJ
རྣམས་	རྣམས་	DET
༔		PUNCT
འོག་	འོག་	NOUN
ན་	ནས་	PART
རིམ་	རིམ་	NOUN
བརྩེགས་	བརྩེགས་	NO_POS
བཞུགས་པ་	བཞུགས་པ་	VERB
ར་	ལ་	PART
བྷེཾ་		NON_WORD
༔		PUNCT
མཐའ་སྐོར་	མཐའ་སྐོར་	NO_POS
རྒྱལ་བ་	རྒྱལ་བ་	NOUN
སྲ་	སྲ་	NOUN
བཅའ་	བཅའ་	VERB
དང་	དང་	NO_POS
༔		PUNCT
བླ་མ་	བླ་མ་	NOUN
ཡི་དམ་	ཡི་དམ་	NOUN
མཁའ་འགྲོ་	མཁའ་འགྲོ་	NOUN
རྣམས་	རྣམས་	DET
༔		PUNCT
སྤྲིན་ཕུང་	སྤྲིན་ཕུང་	NOUN
གཏིབས་པ་	གཏིབས་པ་	VERB
བཞིན་	བཞིན་	NOUN
དུ་	ལ་	PART
བསམ་	བསམ་	NOUN
༔		PUNCT
གདུང་བ་	གདུང་བ་	VERB
འི་	གི་	PART
ངག་	ངག་	NOUN
གིས་	གིས་	PART
གསོལ་བ་	གསོལ་བ་	VERB
གདབ་	གདབ་	NO_POS
༔		PUNCT
ཨོཾ་	ཨོཾ་	X
ཨཱཿ་		NON_WORD
ཧཱུྃ་		NON_WORD
༔		PUNCT
ཆོས་དབྱིངས་	ཆོས་དབྱིངས་	NOUN
སྤྲོས་བྲལ་	སྤྲོས་བྲལ་	ADJ
ལྷུན་གྲུབ་	ལྷུན་གྲུབ་	OTHER
ཕོ་བྲང་	ཕོ་བྲང་	NOUN
དུ་	ལ་	PART
༔		PUNCT
ཆོས་སྐུ་	ཆོས་སྐུ་	NOUN
ཀུན་	ཀུན་	DET
ཏུ་	ལ་	PART
བཟང་པོ་	བཟང་པོ་	ADJ
ལ་	ལ་	PART
གསོལ་བ་	གསོལ་བ་	VERB
འདེབས་	འདེབས་	VERB
༔		PUNCT
ཁྲེགས་ཆོད་	ཁྲེགས་ཆོད་	NO_POS
གནས་ལུགས་	གནས་ལུགས་	VERB
ལྟ་བ་	ལྟ་བ་	VERB
རྟོགས་པ་	རྟོགས་པ་	VERB
དང་	དང་	NO_POS
༔		PUNCT
ཐོད་རྒལ་	ཐོད་རྒལ་	OTHER
ཉམས་	ཉམས་	NOUN
ཀྱི་	གི་	PART
དགོངས་པ་	དགོངས་པ་	VERB
མཐ་	མཐའ་	NOUN
ར་	ལ་	PART
ཕྱིན་	ཕྱིན་	VERB
ན་	ནས་	PART
༔		PUNCT
སྣང་	སྣང་	VERB
བཞི་	བཞི་	NUM
འི་	གི་	PART
ཡེ་ཤེས་	ཡེ་ཤེས་	NOUN
འཆར་བ་	འཆར་བ་	VERB
ར་	ལ་	PART
བྱིན་	བྱིན་	VERB
གྱིས་	གིས་	PART
རློབས་	རློབས་	VERB
༔		PUNCT
འོད་	འོད་	NOUN
ལྔ་	ལྔ་	NUM
མ་	མ་	PART
འདྲེ་	འདྲེ་	VERB
དག་པ་	དག་པ་	VERB
འི་	གི་	PART
ཞིང་ཁམས་	ཞིང་ཁམས་	NOUN
སུ་	ལ་	PART
༔		PUNCT
ལོངས་སྐུ་	ལོངས་སྐུ་	NOUN
རྒྱལ་བ་	རྒྱལ་བ་	NOUN
རིགས་	རིགས་	NOUN
ལྔ་	ལྔ་	NUM
ལ་	ལ་	PART
གསོལ་བ་	གསོལ་བ་	VERB
འདེབས་	འདེབས་	VERB
༔		PUNCT
ཁྲེགས་ཆོད་	ཁྲེགས་ཆོད་	NO_POS
༴		PUNCT
ཐོད་རྒལ་	ཐོད་རྒལ་	OTHER
༴		PUNCT
སྣང་	སྣང་	VERB
བཞི་	བཞི་	NUM
འི་	གི་	PART
༴		PUNCT
འོག་མིན་	འོག་མིན་	PROPN
སྟུག་པོ་	སྟུག་པོ་	ADJ
བཀོད་པ་	བཀོད་པ་	VERB
འི་	གི་	PART
ཞིང་ཁམས་	ཞིང་ཁམས་	NOUN
སུ་	ལ་	PART
༔		PUNCT
སྟོན་པ་	སྟོན་པ་	NOUN
རྡོ་རྗེ་	རྡོ་རྗེ་	NOUN
སེམས་དཔའ་	སེམས་དཔའ་	NOUN
ལ་	ལ་	PART
གསོལ་བ་	གསོལ་བ་	VERB
འདེབས་	འདེབས་	VERB
༔		PUNCT
ཁྲེགས་ཆོད་	ཁྲེགས་ཆོད་	NO_POS
༴		PUNCT
ཐོད་རྒལ་	ཐོད་རྒལ་	OTHER
༴		PUNCT
སྣང་	སྣང་	VERB
བཞི་	བཞི་	NUM
འི་	གི་	PART
༴		PUNCT
གསེར་	གསེར་	NOUN
གླིང་	གླིང་	NOUN
ཧེ་	ཧེ་	INTJ
ཆེན་	ཆེན་	NO_POS
བརྡལ་བ་	བརྡལ་བ་	NO_POS
འི་	གི་	PART
དུར་ཁྲོད་	དུར་ཁྲོད་	NOUN
དུ་	ལ་	PART
༔		PUNCT
སྤྲུལ་སྐུ་	སྤྲུལ་སྐུ་	NOUN
དགའ་རབ་	དགའ་རབ་	ADJ
རྡོ་རྗེ་	རྡོ་རྗེ་	NOUN
ལ་	ལ་	PART
གསོལ་བ་	གསོལ་བ་	VERB
འདེབས་	འདེབས་	VERB
༔		PUNCT
ཁྲེགས་ཆོད་	ཁྲེགས་ཆོད་	NO_POS
༴		PUNCT
ཐོད་རྒལ་	ཐོད་རྒལ་	OTHER
༴		PUNCT
སྣང་	སྣང་	VERB
བཞི་	བཞི་	NUM
འི་	གི་	PART
༴		PUNCT
དྷ་		NON_WORD
ཧེ་	ཧེ་	INTJ
ན་	ལ་	PART
ཡི་	གི་	PART
ཀེའུ་ཚང་	ཀེའུ་ཚང་	NO_POS
བར་པ་	བར་པ་	NOUN
རུ་	ལ་	PART
༔		PUNCT
སློབ་དཔོན་	སློབ་དཔོན་	NOUN
འཇམ་དཔལ་	འཇམ་དཔལ་	PROPN
བཤེས་གཉེན་	བཤེས་གཉེན་	NOUN
ལ་	ལ་	PART
གསོལ་བ་	གསོལ་བ་	VERB
འདེབས་	འདེབས་	VERB
༔		PUNCT
ཁྲེགས་ཆོད་	ཁྲེགས་ཆོད་	NO_POS
༴		PUNCT
ཐོད་རྒལ་	ཐོད་རྒལ་	OTHER
༴		PUNCT
སྣང་	སྣང་	VERB
བཞི་	བཞི་	NUM
འི་	གི་	PART
༴		PUNCT
རྒྱ་གར་	རྒྱ་གར་	PROPN
རྡོ་རྗེ་	རྡོ་རྗེ་	NOUN
གདན་	གདན་	NOUN
གྱི་	གི་	PART
ཕོ་བྲང་	ཕོ་བྲང་	NOUN
དུ་	ལ་	PART
༔		PUNCT
རིག་འཛིན་	རིག་འཛིན་	OTHER
ཤྲཱི་		NON_WORD
སེང་	སེང་	NOUN
ཧ་ལ་	ཧ་ལ་	NO_POS
གསོལ་བ་	གསོལ་བ་	VERB
འདེབས་	འདེབས་	VERB
༔		PUNCT
ཁྲེགས་ཆོད་	ཁྲེགས་ཆོད་	NO_POS
༴		PUNCT
ཐོད་རྒལ་	ཐོད་རྒལ་	OTHER
༴		PUNCT
སྣང་	སྣང་	VERB
བཞི་	བཞི་	NUM
འི་	གི་	PART
༴		PUNCT
རྒྱ་བོད་	རྒྱ་བོད་	PROPN
གནས་	གནས་	NOUN
དང་	དང་	NO_POS
རྔ་ཡབ་	རྔ་ཡབ་	NOUN
གླིང་ཕྲན་	གླིང་ཕྲན་	NOUN
དུ་	ལ་	PART
༔		PUNCT
ཨོ་རྒྱན་	ཨོ་རྒྱན་	PROPN
པདྨ་	པདྨ་	NOUN
འབྱུང་གནས་	འབྱུང་གནས་	NOUN
ལ་	ལ་	PART
གསོལ་བ་	གསོལ་བ་	VERB
འདེབས་	འདེབས་	VERB
༔		PUNCT
ཁྲེགས་ཆོད་	ཁྲེགས་ཆོད་	NO_POS
༴		PUNCT
ཐོད་རྒལ་	ཐོད་རྒལ་	OTHER
༴		PUNCT
སྣང་	སྣང་	VERB
བཞི་	བཞི་	NUM
འི་	གི་	PART
༴		PUNCT
རྒྱ་གར་	རྒྱ་གར་	PROPN
ཆུ་བོ་	ཆུ་བོ་	NOUN
གངྒའི་		NON_WORD
ཀླུང་	ཀླུང་	NOUN
འགྲམ་	འགྲམ་	NOUN
དུ་	ལ་	PART
༔		PUNCT
པཎ་ཆེན་	པཎ་ཆེན་	NOUN
བི་མ་ལ་	བི་མ་ལ་	NO_POS
མི་	མི་	PART
ཏྲ་		NON_WORD
ལ་	ལ་	PART
གསོལ་བ་	གསོལ་བ་	VERB
འདེབས་	འདེབས་	VERB
༔		PUNCT
ཁྲེགས་ཆོད་	ཁྲེགས་ཆོད་	NO_POS
༴		PUNCT
ཐོད་རྒལ་	ཐོད་རྒལ་	OTHER
༴		PUNCT
སྣང་	སྣང་	VERB
བཞི་	བཞི་	NUM
འི་	གི་	PART
༴		PUNCT
བྲག་དམར་	བྲག་དམར་	PROPN
གཡའ་མ་ལུང་	གཡའ་མ་ལུང་	NO_POS
གི་	གི་	PART
དབེན་གནས་	དབེན་གནས་	OTHER
སུ་	ལ་	PART
༔		PUNCT
སྒྲ་	སྒྲ་	NOUN
བསྒྱུར་	བསྒྱུར་	VERB
བཻ་རོ་ཙ་ན་	བཻ་རོ་ཙ་ན་	PROPN
ལ་	ལ་	PART
གསོལ་བ་	གསོལ་བ་	VERB
འདེབས་	འདེབས་	VERB
༔		PUNCT
ཁྲེགས་ཆོད་	ཁྲེགས་ཆོད་	NO_POS
༴		PUNCT
ཐོད་རྒལ་	ཐོད་རྒལ་	OTHER
༴		PUNCT
སྣང་	སྣང་	VERB
བཞི་	བཞི་	NUM
འི་	གི་	PART
༴		PUNCT
དཔལ་	དཔལ་	OTHER
གྱི་	གི་	PART
བསམ་ཡས་	བསམ་ཡས་	PROPN
དབུ་རྩེ་	དབུ་རྩེ་	PROPN
རིགས་གསུམ་	རིགས་གསུམ་	OTHER
དུ་	ལ་	PART
༔		PUNCT
ཆོས་རྒྱལ་	ཆོས་རྒྱལ་	NOUN
ཁྲི་	ཁྲི་	NUM
སྲོང་	སྲོང་	NO_POS
ལྡེའུ་	ལྡེའུ་	OTHER
བཙན་	བཙན་	VERB
ལ་	ལ་	PART
གསོལ་བ་	གསོལ་བ་	VERB
འདེབས་	འདེབས་	VERB
༔		PUNCT
ཁྲེགས་ཆོད་	ཁྲེགས་ཆོད་	NO_POS
༴		PUNCT
ཐོད་རྒལ་	ཐོད་རྒལ་	OTHER
༴		PUNCT
སྣང་	སྣང་	VERB
བཞི་	བཞི་	NUM
འི་	གི་	PART
༴		PUNCT
གཞོ་		NON_WORD
སྟོད་	སྟོད་	NOUN
ཏི་	ཏི་	NO_POS
སྒྲོ་	སྒྲོ་	NOUN
ཌཱ་ཀི་	ཌཱ་ཀི་	NOUN
འི་	གི་	PART
ཚོགས་ཁང་	ཚོགས་ཁང་	PROPN
དུ་	ལ་	PART
༔		PUNCT
མ་	མ་	PART
གཅིག་	གཅིག་	NUM
ཡེ་ཤེས་	ཡེ་ཤེས་	NOUN
མཚོ་	མཚོ་	NOUN
རྒྱལ་	རྒྱལ་	VERB
ལ་	ལ་	PART
གསོལ་བ་	གསོལ་བ་	VERB
འདེབས་	འདེབས་	VERB
༔		PUNCT
ཁྲེགས་ཆོད་	ཁྲེགས་ཆོད་	NO_POS
༴		PUNCT
ཐོད་རྒལ་	ཐོད་རྒལ་	OTHER
༴		PUNCT
སྣང་	སྣང་	VERB
བཞི་	བཞི་	NUM
འི་	གི་	PART
༴		PUNCT
སྒྲགས་		NON_WORD
ཀྱི་	གི་	PART
ཡང་	ཀྱང་	PART
རྫོང་	རྫོང་	NOUN
གསང་བ་	གསང་བ་	VERB
འི་	གི་	PART
ཕུག་པ་	ཕུག་པ་	VERB
རུ་	ལ་	PART
༔		PUNCT
གུ་རུ་	གུ་རུ་	PROPN
བུདྡྷ་		NON_WORD
ཛྙཱ་ན་	ཛྙཱ་ན་	PROPN
ལ་	ལ་	PART
གསོལ་བ་	གསོལ་བ་	VERB
འདེབས་	འདེབས་	VERB
༔		PUNCT
ཁྲེགས་ཆོད་	ཁྲེགས་ཆོད་	NO_POS
༴		PUNCT
ཐོད་རྒལ་	ཐོད་རྒལ་	OTHER
༴		PUNCT
སྣང་	སྣང་	VERB
བཞི་	བཞི་	NUM
འི་	གི་	PART
༴		PUNCT
མཆིམས་ཕུ་	མཆིམས་ཕུ་	PROPN
གྲེ་	གྲེ་	NO_POS
གུ་གེ་	གུ་གེ་	OTHER
གོང་	གོང་	NOUN
དབེན་	དབེན་	VERB
རྩ་	རྩ་	NUM
རུ་	ལ་	PART
༔		PUNCT
སློབ་དཔོན་	སློབ་དཔོན་	NOUN
རྒྱལ་བ་	རྒྱལ་བ་	NOUN
མཆོག་	མཆོག་	ADJ
དབྱངས་	དབྱངས་	NOUN
ལ་	ལ་	PART
གསོལ་བ་	གསོལ་བ་	VERB
འདེབས་	འདེབས་	VERB
༔		PUNCT
ཁྲེགས་ཆོད་	ཁྲེགས་ཆོད་	NO_POS
༴		PUNCT
ཐོད་རྒལ་	ཐོད་རྒལ་	OTHER
༴		PUNCT
སྣང་	སྣང་	VERB
བཞི་	བཞི་	NUM
འི་	གི་	PART
༴		PUNCT
ལྷོ་བྲག་	ལྷོ་བྲག་	PROPN
མཁའ་	མཁའ་	NOUN
ཆུ་	ཆུ་	NOUN
དཔལ་	དཔལ་	OTHER
གྱི་	གི་	PART
ཕུག་	ཕུག་	NOUN
རིང་	རིང་	NOUN
དུ་	ལ་	PART
༔		PUNCT
ཐུགས་	ཐུགས་	NOUN
མཆོག་	མཆོག་	ADJ
ནམ་མཁ་	ནམ་མཁའ་	NOUN
འི་	གི་	PART
སྙིང་པོ་	སྙིང་པོ་	NOUN
ལ་	ལ་	PART
གསོལ་བ་	གསོལ་བ་	VERB
འདེབས་	འདེབས་	VERB
༔		PUNCT
ཁྲེགས་ཆོད་	ཁྲེགས་ཆོད་	NO_POS
༴		PUNCT
ཐོད་རྒལ་	ཐོད་རྒལ་	OTHER
༴		PUNCT
སྣང་	སྣང་	VERB
བཞི་	བཞི་	NUM
འི་	གི་	PART
༴		PUNCT
ཡ་	ཡ་	OTHER
ལུང་	ལུང་	NOUN
ཤེལ་	ཤེལ་	NOUN
བྲག་	བྲག་	NOUN
བདུད་རྩི་	བདུད་རྩི་	NOUN
སྨན་	སྨན་	NOUN
ཕུག་	ཕུག་	NOUN
ཏུ་	ལ་	PART
༔		PUNCT
ཡོན་ཏན་	ཡོན་ཏན་	NOUN
ཀུ་	ཀུ་	NO_POS
མ་	མ་	PART
རཱ་	རཱ་	NO_POS
ཛ་	ཛ་	OTHER
ལ་	ལ་	PART
གསོལ་བ་	གསོལ་བ་	VERB
འདེབས་	འདེབས་	VERB
༔		PUNCT
ཁྲེགས་ཆོད་	ཁྲེགས་ཆོད་	NO_POS
༴		PUNCT
ཐོད་རྒལ་	ཐོད་རྒལ་	OTHER
༴		PUNCT
སྣང་	སྣང་	VERB
བཞི་	བཞི་	NUM
འི་	གི་	PART
༴		PUNCT
མོན་	མོན་	PROPN
ཁ་	ཁ་	PRON
སེངྒེ་		NON_WORD
ཡང་	ཀྱང་	PART
རྫོང་	རྫོང་	NOUN
གནས་མཆོག་	གནས་མཆོག་	OTHER
ཏུ་	ལ་	PART
༔		PUNCT
ཕྲིན་ལས་	ཕྲིན་ལས་	NOUN
རྡོ་རྗེ་	རྡོ་རྗེ་	NOUN
བདུད་	བདུད་	NOUN
འཇོམས་	འཇོམས་	NO_POS
ལ་	ལ་	PART
གསོལ་བ་	གསོལ་བ་	VERB
འདེབས་	འདེབས་	VERB
༔		PUNCT
ཁྲེགས་ཆོད་	ཁྲེགས་ཆོད་	NO_POS
༴		PUNCT
ཐོད་རྒལ་	ཐོད་རྒལ་	OTHER
༴		PUNCT
སྣང་	སྣང་	VERB
བཞི་	བཞི་	NUM
འི་	གི་	PART
༴		PUNCT
སྨིན་གྲོལ་	སྨིན་གྲོལ་	NOUN
ཆོ་	ཆོ་	NOUN
ཀྱི་	གི་	PART
རྒྱལ་ཁབ་	རྒྱལ་ཁབ་	NOUN
ཆེན་པོ་	ཆེན་པོ་	ADJ
རུ་	ལ་	PART
༔		PUNCT
ཆོས་རྒྱལ་	ཆོས་རྒྱལ་	NOUN
གཏེར་བདག་	གཏེར་བདག་	NO_POS
གླིང་པ་	གླིང་པ་	NOUN
ལ་	ལ་	PART
གསོལ་བ་	གསོལ་བ་	VERB
འདེབས་	འདེབས་	VERB
༔		PUNCT
ཁྲེགས་ཆོད་	ཁྲེགས་ཆོད་	NO_POS
༴		PUNCT
ཐོད་རྒལ་	ཐོད་རྒལ་	OTHER
༴		PUNCT
སྣང་	སྣང་	VERB
བཞི་	བཞི་	NUM
འི་	གི་	PART
༴		PUNCT
སྐུ་	སྐུ་	NOUN
དང་	དང་	NO_POS
ཡེ་ཤེས་	ཡེ་ཤེས་	NOUN
ལྔ་ལྡན་	ལྔ་ལྡན་	OTHER
ཕོ་བྲང་	ཕོ་བྲང་	NOUN
དུ་	ལ་	PART
༔		PUNCT
ཡི་དམ་	ཡི་དམ་	NOUN
ཞི་	ཞི་	VERB
ཁྲོ་	ཁྲོ་	VERB
རབ་འབྱམས་	རབ་འབྱམས་	ADJ
ལ་	ལ་	PART
གསོལ་བ་	གསོལ་བ་	VERB
འདེབས་	འདེབས་	VERB
༔		PUNCT
ཁྲེགས་ཆོད་	ཁྲེགས་ཆོད་	NO_POS
༴		PUNCT
ཐོད་རྒལ་	ཐོད་རྒལ་	OTHER
༴		PUNCT
སྣང་	སྣང་	VERB
བཞི་	བཞི་	NUM
འི་	གི་	PART
༴		PUNCT
མཁའ་སྤྱོད་	མཁའ་སྤྱོད་	NOUN
གནས་	གནས་	NOUN
དང་	དང་	NO_POS
དུར་ཁྲོད་	དུར་ཁྲོད་	NOUN
བརྒྱད་	བརྒྱད་	NUM
སོགས་	སོགས་	DET
སུ་	ལ་	PART
༔		PUNCT
ཡེ་ཤེས་	ཡེ་ཤེས་	NOUN
ཌཱ་ཀི་	ཌཱ་ཀི་	NOUN
སྡེ་	སྡེ་	NOUN
ལྔ་	ལྔ་	NUM
ལ་	ལ་	PART
གསོལ་བ་	གསོལ་བ་	VERB
འདེབས་	འདེབས་	VERB
༔		PUNCT
ཁྲེགས་ཆོད་	ཁྲེགས་ཆོད་	NO_POS
༴		PUNCT
ཐོད་རྒལ་	ཐོད་རྒལ་	OTHER
༴		PUNCT
སྣང་	སྣང་	VERB
བཞི་	བཞི་	NUM
འི་	གི་	PART
༴		PUNCT
བཀའ་	བཀའ་	NOUN
དང་	དང་	NO_POS
དམ་ཚིག་	དམ་ཚིག་	NOUN
གཉན་པོ་	གཉན་པོ་	OTHER
འི་	གི་	PART
ཕོ་བྲང་	ཕོ་བྲང་	NOUN
དུ་	ལ་	PART
༔		PUNCT
སྔགས་	སྔགས་	NOUN
སྲུང་	སྲུང་	VERB
ཨེ་	ཨེ་	PART
ཀ་	ཀ་	DET
ཛཱ་ཏི་	ཛཱ་ཏི་	NO_POS
ལ་	ལ་	PART
གསོལ་བ་	གསོལ་བ་	VERB
འདེབས་	འདེབས་	VERB
༔		PUNCT
ཁྲེགས་ཆོད་	ཁྲེགས་ཆོད་	NO_POS
གནས་ལུགས་	གནས་ལུགས་	VERB
ལྟ་བ་	ལྟ་བ་	VERB
རྟོགས་པ་	རྟོགས་པ་	VERB
དང་	དང་	NO_POS
༔		PUNCT
ཐོད་རྒལ་	ཐོད་རྒལ་	OTHER
ཉམས་	ཉམས་	NOUN
ཀྱི་	གི་	PART
དགོངས་པ་	དགོངས་པ་	VERB
མཐ་	མཐའ་	NOUN
ར་	ལ་	PART
ཕྱིན་	ཕྱིན་	VERB
ན་	ནས་	PART
༔		PUNCT
སྣང་	སྣང་	VERB
བཞི་	བཞི་	NUM
འི་	གི་	PART
ཡེ་ཤེས་	ཡེ་ཤེས་	NOUN
འཆར་བ་	འཆར་བ་	VERB
ར་	ལ་	PART
བྱིན་	བྱིན་	VERB
གྱིས་	གིས་	PART
རློབས་	རློབས་	VERB
༔		PUNCT
ཞེ་	ཅེས་	PART
དང་	དང་	NO_POS
༔		PUNCT
གཞན་	གཞན་	DET
ཡང་	ཀྱང་	PART
གསོལ་བ་	གསོལ་བ་	VERB
གདབ་པ་	གདབ་པ་	VERB
ནི་	ནི་	NO_POS
༔		PUNCT
བླ་མ་	བླ་མ་	NOUN
སངས་རྒྱས་	སངས་རྒྱས་	NOUN
ཆོ་	ཆོ་	NOUN
ཀྱི་	གི་	PART
སྐུ་	སྐུ་	NOUN
ལ་	ལ་	PART
གསོལ་བ་	གསོལ་བ་	VERB
འདེབས་	འདེབས་	VERB
༔		PUNCT
ཆོས་ཉིད་	ཆོས་ཉིད་	NOUN
མངོན་སུམ་	མངོན་སུམ་	NOUN
རྟོགས་པ་	རྟོགས་པ་	VERB
ར་	ལ་	PART
བྱིན་	བྱིན་	VERB
གྱིས་	གིས་	PART
རློབས་	རློབས་	VERB
ཤིག་	ཅིག་	PART
༔		PUNCT
བླ་མ་	བླ་མ་	NOUN
ལོངས་སྤྱོད་	ལོངས་སྤྱོད་	NOUN
རྫོགས་པ་	རྫོགས་པ་	VERB
འི་	གི་	PART
སྐུ་	སྐུ་	NOUN
ལ་	ལ་	PART
གསོལ་བ་	གསོལ་བ་	VERB
འདེབས་	འདེབས་	VERB
༔		PUNCT
ཉམས་སྣང་	ཉམས་སྣང་	NOUN
གོང་	གོང་	NOUN
དུ་	ལ་	PART
འཕེལ་བ་	འཕེལ་བ་	VERB
ར་	ལ་	PART
བྱིན་	བྱིན་	VERB
གྱིས་	གིས་	PART
རློབས་	རློབས་	VERB
ཤིག་	ཅིག་	PART
༔		PUNCT
བླ་མ་	བླ་མ་	NOUN
ཐུགས་རྗེ་	ཐུགས་རྗེ་	NOUN
སྤྲུལ་པ་	སྤྲུལ་པ་	VERB
འི་	གི་	PART
སྐུ་	སྐུ་	NOUN
ལ་	ལ་	PART
གསོལ་བ་	གསོལ་བ་	VERB
འདེབས་	འདེབས་	VERB
༔		PUNCT
རིག་པ་	རིག་པ་	VERB
ཚད་	ཚད་	NOUN
ལ་	ལ་	PART
ཕེབས་པ་	ཕེབས་པ་	VERB
ར་	ལ་	PART
བྱིན་	བྱིན་	VERB
གྱིས་	གིས་	PART
རློབས་	རློབས་	VERB
ཤིག་	ཅིག་	PART
༔		PUNCT
བླ་མ་	བླ་མ་	NOUN
ངོ་བོ་	ངོ་བོ་	NOUN
ཉིད་	ཉིད་	DET
ཀྱི་	གི་	PART
སྐུ་	སྐུ་	NOUN
ལ་	ལ་	PART
གསོལ་བ་	གསོལ་བ་	VERB
འདེབས་	འདེབས་	VERB
༔		PUNCT
ཆོས་ཉིད་	ཆོས་ཉིད་	NOUN
ཟད་མཐ་	ཟད་མཐའ་	NOUN
ར་	ལ་	PART
ཕྱིན་པ་	ཕྱིན་པ་	VERB
ར་	ལ་	PART
བྱིན་	བྱིན་	VERB
གྱིས་	གིས་	PART
རློབས་	རློབས་	VERB
ཤིག་	ཅིག་	PART
༔		PUNCT
བླ་མ་	བླ་མ་	NOUN
སྐུ་བཞི་	སྐུ་བཞི་	OTHER
འི་	གི་	PART
བདག་ཉིད་	བདག་ཉིད་	NOUN
ཅན་	ཅན་	PART
ལ་	ལ་	PART
གསོལ་བ་	གསོལ་བ་	VERB
འདེབས་	འདེབས་	VERB
༔		PUNCT
སྣང་	སྣང་	VERB
བཞི་	བཞི་	NUM
འི་	གི་	PART
ཡེ་ཤེས་	ཡེ་ཤེས་	NOUN
རྒྱུད་	རྒྱུད་	NOUN
ལ་	ལ་	PART
སྐྱེ་བ་	སྐྱེ་བ་	VERB
ར་	ལ་	PART
བྱིན་	བྱིན་	VERB
གྱིས་	གིས་	PART
རློབས་	རློབས་	VERB
ཤིག་	ཅིག་	PART
༔		PUNCT
ཅེས་	ཅེས་	PART
འདོད་པ་	འདོད་པ་	VERB
འི་	གི་	PART
དོན་	དོན་	NOUN
ལ་	ལ་	PART
སྙིང་	སྙིང་	NOUN
ཐག་པ་	ཐག་པ་	NOUN
ཉིད་	ཉིད་	DET
ན་	ནས་	PART
གསོལ་བ་	གསོལ་བ་	VERB
ཕུར་ཚུགས་	ཕུར་ཚུགས་	NO_POS
སུ་	ལ་	PART
ཡང་ཡང་	ཡང་ཡང་	NO_POS
བཏབ་པ་	བཏབ་པ་	VERB
ས་	གིས་	PART
།		PUNCT
བླ་མ་	བླ་མ་	NOUN
འི་	གི་	PART
སྐུ་	སྐུ་	NOUN
ལ་	ལ་	ADP
ས་	གིས་	PART
འོད་ཟེར་	འོད་ཟེར་	NOUN
བུན་	བུན་	NO_POS
ཟེ་	ཟེ་	VERB
གྱིས་	གིས་	PART
འཕྲོས་པ་	འཕྲོས་པ་	VERB
ས་	གིས་	PART
འཁོར་	འཁོར་	NOUN
གྱི་	གི་	PART
རྒྱལ་བ་	རྒྱལ་བ་	NOUN
རྒྱལ་སྲས་	རྒྱལ་སྲས་	NOUN
རྣམས་	རྣམས་	DET
ལ་	ལ་	PART
ཕོག་པ་	ཕོག་པ་	VERB
ས་	གིས་	PART
འོད་	འོད་	NOUN
དུ་	ལ་	PART
ཞུ་བ་	ཞུ་བ་	VERB
རྩ་བ་	རྩ་བ་	NOUN
འི་	གི་	PART
བླ་མ་	བླ་མ་	NOUN
འི་	གི་	PART
སྐུ་	སྐུ་	NOUN
ལ་	ལ་	PART
བསྡུས་པ་	བསྡུས་པ་	VERB
།		PUNCT
དེ་ཉིད་	དེ་ཉིད་	NOUN
སྔ་	སྔ་	NOUN
ལ་	ལ་	ADP
ས་	གིས་	PART
ཀྱང་	ཀྱང་	PART
གཟི་མདངས་	གཟི་མདངས་	NO_POS
མཆོག་	མཆོག་	ADJ
ཏུ་	ལ་	PART
འབར་བ་	འབར་བ་	VERB
ར་	ལ་	PART
བསམ་པ་	བསམ་པ་	VERB
འི་	གི་	PART
སྤྱི་བོ་	སྤྱི་བོ་	NOUN
ར་	ལ་	PART
འཁོར་ལོ་	འཁོར་ལོ་	NOUN
དཀར་པོ་	དཀར་པོ་	ADJ
འི་	གི་	PART
དབུ་	དབུ་	NOUN
སུ་	ལ་	PART
ཨོཾ་	ཨོཾ་	X
དཀར་པོ་	དཀར་པོ་	ADJ
།		PUNCT
ལྗགས་	ལྗགས་	NOUN
པདྨ་	པདྨ་	NOUN
དམར་པོ་	དམར་པོ་	ADJ
འདབ་མ་	འདབ་མ་	NOUN
བརྒྱད་པ་	བརྒྱད་པ་	NUM
འི་	གི་	PART
ལྟེ་བ་	ལྟེ་བ་	NOUN
ར་	ལ་	PART
ཨཱཿ་		NON_WORD
དམར་པོ་	དམར་པོ་	ADJ
།		PUNCT
ཐུགས་ཀ་	ཐུགས་ཀ་	NOUN
ར་	ལ་	PART
རྡོ་རྗེ་	རྡོ་རྗེ་	NOUN
སྔོན་པོ་	སྔོན་པོ་	ADJ
རྩེ་	རྩེ་	NOUN
ལྔ་པ་	ལྔ་པ་	NUM
འི་	གི་	PART
ལྟེ་བ་	ལྟེ་བ་	NOUN
ར་	ལ་	PART
ཧཱུྃ་		NON_WORD
མཐིང་ག་	མཐིང་ག་	ADJ
རྣམས་	རྣམས་	DET
སངས་རྒྱས་	སངས་རྒྱས་	NOUN
ཐམས་ཅད་	ཐམས་ཅད་	DET
ཀྱི་	གི་	PART
སྐུ་གསུང་ཐུགས་	སྐུ་གསུང་ཐུགས་	NOUN
ཀྱི་	གི་	PART
རང་བཞིན་	རང་བཞིན་	NOUN
དུ་	ལ་	PART
བསམ་	བསམ་	NOUN
།		PUNCT
སྐུ་བཞི་	སྐུ་བཞི་	OTHER
འི་	གི་	PART
དབང་ཕྱུག་	དབང་ཕྱུག་	NOUN
རྒྱལ་བ་	རྒྱལ་བ་	NOUN
རྡོ་རྗེ་	རྡོ་རྗེ་	NOUN
འཆང་	འཆང་	NO_POS
། །		PUNCT
བདག་	བདག་	PRON
སོགས་	སོགས་	DET
འགྲོ་	འགྲོ་	VERB
ལ་	ལ་	PART
ཐུགས་རྗེ་	ཐུགས་རྗེ་	NOUN
ས་	གིས་	PART
ཉེ་	ཉེ་	NUM
དགོངས་	དགོངས་	VERB
ན་	ནས་	PART
། །		PUNCT
བུམ་	བུམ་	NOUN
གསང་	གསང་	VERB
ཤེས་རབ་	ཤེས་རབ་	NOUN
ཡེ་ཤེས་	ཡེ་ཤེས་	NOUN
དེ་	སྟེ་	PART
ཁོ་ན་	ཁོ་ན་	DET
འི་	གི་	PART
། །		PUNCT
ཡེ་ཤེས་	ཡེ་ཤེས་	NOUN
མཆོག་	མཆོག་	ADJ
གིས་	གིས་	PART
བདག་	བདག་	PRON
རྒྱུད་	རྒྱུད་	NOUN
བལྟམ་པ་	བལྟམ་པ་	NON_WORD
ར་	ལ་	PART
མཛོད་	མཛོད་	NOUN
། །		PUNCT
ཅེས་	ཅེས་	PART
དབང་	དབང་	NOUN
སྐུར་བ་	སྐུར་བ་	NOUN
ར་	ལ་	PART
གསོལ་བ་	གསོལ་བ་	VERB
བཏབ་པ་	བཏབ་པ་	VERB
ས་	གིས་	PART
།		PUNCT
བཅུ་པ་	བཅུ་པ་	NUM
དབང་	དབང་	NOUN
བླང་བ་	བླང་བ་	VERB
ནི་	ནི་	NO_POS
༔		PUNCT
བླ་མ་	བླ་མ་	NOUN
འི་	གི་	PART
སྨིན་མཚམས་	སྨིན་མཚམས་	NOUN
མཛོད་སྤུ་	མཛོད་སྤུ་	NO_POS
ཡི་	གི་	PART
༔		PUNCT
ཨོཾ་	ཨོཾ་	X
ཡིག་དཀར་	ཡིག་དཀར་	NO_POS
ལ་	ལ་	ADP
ས་	གིས་	PART
འོད་	འོད་	NOUN
དཀ་	དཀའ་	VERB
ར་	ལ་	PART
དང་	དང་	NO_POS
༔		PUNCT
བདེ་གཤེགས་	བདེ་གཤེགས་	NOUN
སྐུ་	སྐུ་	NOUN
རྣམས་	རྣམས་	DET
མང་	མང་	VERB
དུ་	ལ་	PART
བྱུང་	བྱུང་	VERB
༔		PUNCT
རང་	རང་	PRON
གི་	གི་	PART
སྨིན་མཚམས་	སྨིན་མཚམས་	NOUN
ཐིམ་པ་	ཐིམ་པ་	VERB
ཡི་	གིས་	PART
༔		PUNCT
ལུས་	ལུས་	NOUN
ཀྱི་	གི་	PART
སྒྲིབ་	སྒྲིབ་	NOUN
དག་	དག་	DET
བུམ་	བུམ་	NOUN
དབང་	དབང་	NOUN
ཐོབ་	ཐོབ་	VERB
༔		PUNCT
བསྐྱེད་རིམ་	བསྐྱེད་རིམ་	NOUN
ལྷ་སྐུ་	ལྷ་སྐུ་	NOUN
སྒོམ་	སྒོམ་	VERB
ལ་	ལ་	PART
དབང་	དབང་	NOUN
༔		PUNCT
འབྲས་བུ་	འབྲས་བུ་	NOUN
སྤྲུལ་སྐུ་	སྤྲུལ་སྐུ་	NOUN
ཐོབ་པ་	ཐོབ་པ་	VERB
ར་	ལ་	PART
བྱ་	བྱ་	VERB
༔		PUNCT
བླ་མ་	བླ་མ་	NOUN
འི་	གི་	PART
ལྗགས་	ལྗགས་	NOUN
ཀྱི་	གི་	PART
པདྨ་	པདྨ་	NOUN
འི་	གི་	PART
སྟེང་	སྟེང་	NOUN
༔		PUNCT
ཨཱཿ་		NON_WORD
ཡིག་	ཡིག་	NOUN
དམར་	དམར་	VERB
ལ་	ལ་	ADP
ས་	གིས་	PART
འོད་དམར་	འོད་དམར་	NO_POS
དང་	དང་	NO_POS
༔		PUNCT
གསང་སྔགས་	གསང་སྔགས་	NOUN
ཡིག་འབྲུ་	ཡིག་འབྲུ་	NOUN
དཔག་མེད་	དཔག་མེད་	ADJ
བྱུང་	བྱུང་	VERB
༔		PUNCT
རང་	རང་	PRON
གི་	གི་	PART
ལྕེ་	ལྕེ་	NOUN
ལ་	ལ་	PART
ཐིམ་པ་	ཐིམ་པ་	VERB
ཡི་	གིས་	PART
༔		PUNCT
ངག་	ངག་	NOUN
གི་	གི་	PART
སྒྲིབ་	སྒྲིབ་	NOUN
དག་	དག་	DET
གསང་དབང་	གསང་དབང་	NO_POS
ཐོབ་	ཐོབ་	VERB
༔		PUNCT
ལམ་	གམ་	PART
དུས་	དུས་	NOUN
བཟླས་པ་	བཟླས་པ་	VERB
བྱ་བ་	བྱ་བ་	VERB
ར་	ལ་	PART
དབང་	དབང་	NOUN
༔		PUNCT
འབྲས་བུ་	འབྲས་བུ་	NOUN
ལོངས་སྤྱོད་	ལོངས་སྤྱོད་	NOUN
རྫོགས་	རྫོགས་	VERB
སྐུ་	སྐུ་	NOUN
ཐོབ་	ཐོབ་	VERB
༔		PUNCT
བླ་མ་	བླ་མ་	NOUN
འི་	གི་	PART
ཐུགས་ཀ་	ཐུགས་ཀ་	NOUN
འི་	གི་	PART
རྡོ་རྗེ་	རྡོ་རྗེ་	NOUN
ལ་	ལ་	ADP
ས་	གིས་	PART
༔		PUNCT
ཧཱུྃ་		NON_WORD
ཡིག་	ཡིག་	NOUN
མཐིང་	མཐིང་	NO_POS
དང་	དང་	NO_POS
འོད་སྔོན་པོ་	འོད་སྔོན་པོ་	NO_POS
༔		PUNCT
རྒྱལ་བ་	རྒྱལ་བ་	NOUN
འི་	གི་	PART
ཕྱག་མཚན་	ཕྱག་མཚན་	NOUN
དུ་མ་	དུ་མ་	ADJ
བྱུང་	བྱུང་	VERB
༔		PUNCT
རང་	རང་	PRON
གི་	གི་	PART
སྙིང་ག་	སྙིང་ག་	NOUN
ར་	ལ་	PART
ཐིམ་པ་	ཐིམ་པ་	VERB
ཡི་	གིས་	PART
༔		PUNCT
ཡིད་	ཡིད་	NOUN
སྒྲིབ་	སྒྲིབ་	NOUN
དག་	དག་	DET
ན་	ནས་	PART
ཤེར་དབང་	ཤེར་དབང་	NO_POS
ཐོབ་	ཐོབ་	VERB
༔		PUNCT
ལམ་	གམ་	PART
དུས་	དུས་	NOUN
ཕོ་ཉ་	ཕོ་ཉ་	NOUN
སྒོམ་པ་	སྒོམ་པ་	VERB
ར་	ལ་	PART
དབང་	དབང་	NOUN
༔		PUNCT
འབྲས་བུ་	འབྲས་བུ་	NOUN
ཆོས་སྐུ་	ཆོས་སྐུ་	NOUN
འི་	གི་	PART
ས་བོན་	ས་བོན་	NOUN
བཞག་	བཞག་	VERB
༔		PUNCT
བླ་མ་	བླ་མ་	NOUN
འི་	གི་	PART
གནས་	གནས་	NOUN
གསུམ་	གསུམ་	NUM
དཀྱིལ་འཁོར་	དཀྱིལ་འཁོར་	NOUN
ན་	ནས་	PART
༔		PUNCT
ཨོཾ་	ཨོཾ་	X
ཨཱཿ་		NON_WORD
ཧཱུྃ་		NON_WORD
དང་	དང་	NO_POS
འོད་ཟེར་	འོད་ཟེར་	NOUN
ལྔ་	ལྔ་	NUM
༔		PUNCT
འཕྲོས་པ་	འཕྲོས་པ་	VERB
ས་	གིས་	PART
རང་	རང་	PRON
གི་	གི་	PART
གནས་	གནས་	NOUN
གསུམ་	གསུམ་	NUM
ཐིམ་	ཐིམ་	NO_POS
༔		PUNCT
སྒོ་གསུམ་	སྒོ་གསུམ་	OTHER
སྒྲིབ་	སྒྲིབ་	NOUN
དག་	དག་	DET
ཚིག་དབང་	ཚིག་དབང་	NO_POS
ཐོབ་	ཐོབ་	VERB
༔		PUNCT
ལམ་	གམ་	PART
དུས་	དུས་	NOUN
ཁྲེགས་ཆོད་	ཁྲེགས་ཆོད་	NO_POS
ཐོད་རྒལ་	ཐོད་རྒལ་	OTHER
སྒོམ་	སྒོམ་	VERB
༔		PUNCT
འབྲས་བུ་	འབྲས་བུ་	NOUN
ངོ་བོ་	ངོ་བོ་	NOUN
ཉིད་	ཉིད་	DET
སྐུ་	སྐུ་	NOUN
ཐོབ་	ཐོབ་	VERB
༔		PUNCT
སྐབས་	སྐབས་	NOUN
འདི་	འདི་	DET
ར་	ལ་	PART
རྒྱང་འབོད་	རྒྱང་འབོད་	OTHER
ཡང་	ཀྱང་	PART
བྱ་བ་	བྱ་བ་	VERB
ར་	ལ་	PART
ཁྲིད་	ཁྲིད་	VERB
ལ་	ལ་	ADP
ས་	གིས་	PART
གསུངས་	གསུངས་	VERB
།		PUNCT
མཐ་	མཐའ་	NOUN
ར་	ལ་	PART
ནི་	ནི་	NO_POS
རྩ་བ་	རྩ་བ་	NOUN
འི་	གི་	PART
བླ་མ་	བླ་མ་	NOUN
ཡང་	ཀྱང་	PART
༔		PUNCT
འོད་ཞུ་	འོད་ཞུ་	NO_POS
རང་	རང་	PRON
གི་	གི་	PART
སྤྱི་བོ་	སྤྱི་བོ་	NOUN
ན་	ནས་	PART
༔		PUNCT
བྱོན་	བྱོན་	VERB
ཏེ་	སྟེ་	PART
སྙིང་	སྙིང་	NOUN
དབུ་	དབུ་	NOUN
བཞུགས་པ་	བཞུགས་པ་	VERB
ར་	ལ་	PART
བྷེཾ་		NON_WORD
༔		PUNCT
དེ་ནས་	དེ་ནས་	NO_POS
རང་	རང་	PRON
གི་	གི་	PART
སེམས་ཉིད་	སེམས་ཉིད་	NOUN
ཀྱི་	གི་	PART
ངོ་བོ་	ངོ་བོ་	NOUN
དང་	དང་	NO_POS
བླ་མ་	བླ་མ་	NOUN
གཉིས་	གཉིས་	NUM
སུ་	ལ་	PART
མེད་པ་	མེད་པ་	VERB
འི་	གི་	PART
ངང་	ངང་	NOUN
ལ་	ལ་	PART
བཅོ་	བཅོ་	NUM
ས་	གིས་	PART
སླད་	སླད་	NOUN
མི་	མི་	PART
བྱ་བ་	བྱ་བ་	VERB
ར་	ལ་	PART
རང་སོ་		
གློད་	གློད་	NO_POS
ལ་ད་	ལ་ད་	PROPN
ར་	ལ་	PART
ཅིག་	ཅིག་	PART
གཞག་པ་	གཞག་པ་	VERB
ར་	ལ་	PART
བྱ་	བྱ་	VERB
འོ་	གོ་	PART
༔		PUNCT
དེ་ལྟ་	དེ་ལྟ་	NO_POS
ལམ་	གམ་	PART
གྱི་	གི་	PART
རིམ་པ་	རིམ་པ་	NOUN
རྣམས་	རྣམས་	DET
ཚུལ་བཞིན་	ཚུལ་བཞིན་	NOUN
དུ་	ལ་	PART
བསྐྱངས་པ་	བསྐྱངས་པ་	VERB
ས་	གིས་	PART
ལམ་	གམ་	PART
དངོ་	དངོ་	NOUN
ཀྱི་	གི་	PART
རྟོགས་པ་	རྟོགས་པ་	VERB
ཁྱད་པར་ཅན་	ཁྱད་པར་ཅན་	ADJ
སྐྱེ་བ་	སྐྱེ་བ་	VERB
འི་	གི་	PART
གཞི་	གཞི་	NOUN
བྱེད་པ་	བྱེད་པ་	VERB
ར་	ལ་	PART
ཐེ་ཚོམ་	ཐེ་ཚོམ་	NOUN
མེད་	མེད་	VERB
དོ་	གོ་	PART
༔		PUNCT
འདི་	འདི་	DET
ཡན་	ཡན་	ADV
གཏེར་	གཏེར་	NOUN
གཞུང་	གཞུང་	NOUN
དང་	དང་	NO_POS
ཟབ་	ཟབ་	VERB
ཁྲིད་	ཁྲིད་	VERB
ལ་	ལ་	ADP
ས་	གིས་	PART
བཏུས་པ་	བཏུས་པ་	VERB
ཡིན་	ཡིན་	NO_POS
ཞིང་ས་	ཞིང་ས་	NOUN
བཅད་	བཅད་	VERB
སོ་སོ་	སོ་སོ་	PRON
འི་	གི་	PART
སྦྱོར་	སྦྱོར་	VERB
རྗེས་	རྗེས་	NOUN
ཀྱི་	གི་	PART
དམིགས་	དམིགས་	VERB
རིམ་	རིམ་	NOUN
དང་	དང་	NO_POS
གོ་དོན་	གོ་དོན་	OTHER
སོགས་	སོགས་	DET
ཁྲིད་	ཁྲིད་	VERB
གཞུང་	གཞུང་	NOUN
རྩ་འགྲེལ་	རྩ་འགྲེལ་	NOUN
ལ་	ལ་	PART
འདྲིས་	འདྲིས་	NO_POS
ཤིང་	ཅིང་	PART
ཤེས་པ་	ཤེས་པ་	VERB
ར་	ལ་	PART
བྱ་བ་	བྱ་བ་	VERB
ལ་	ལ་	ADP
ས་	གིས་	PART
འདི་	འདི་	DET
ར་	ལ་	PART
ནི་	ནི་	NO_POS
ངག་འདོན་	ངག་འདོན་	OTHER
ཙམ་	ཙམ་	DET
བསྡུས་པ་	བསྡུས་པ་	VERB
འོ་	གོ་	PART
"།། །།
༄།"		PUNCT
གཉིས་པ་	གཉིས་པ་	NUM
ཐུན་	ཐུན་	NOUN
མིན་	མིན་	AUX
ལམ་	གམ་	PART
གྱི་	གི་	PART
གཞི་	གཞི་	NOUN
སྐྱེད་	སྐྱེད་	VERB
རྫོགས་	རྫོགས་	VERB
ཤིན་ཏུ་	ཤིན་ཏུ་	NO_POS
བསྡུས་པ་	བསྡུས་པ་	VERB
གསང་	གསང་	VERB
ཆེན་	ཆེན་	NO_POS
རིགས་	རིགས་	NOUN
གཅིག་	གཅིག་	NUM
ཏུ་	ལ་	PART
སྒྲུབ་པ་	སྒྲུབ་པ་	VERB
ནི་	ནི་	NO_POS
།		PUNCT
ཨོཾ་	ཨོཾ་	X
མ་	མ་	PART
ཧཱ་		NON_WORD
ཤཱུནྱ་		NON_WORD
ཏཱ་	ཏཱ་	NO_POS
ཛྙཱ་ན་	ཛྙཱ་ན་	PROPN
བཛྲ་	བཛྲ་	NO_POS
སྭ་		NON_WORD
བྷཱ་		NON_WORD
ཝ་	ཝ་	OTHER
ཨཱཏྨ་		NON_WORD
ཀོ྅་		NON_WORD
ཧཾ་		NON_WORD
༔		PUNCT
སྟོང་པ་	སྟོང་པ་	VERB
འི་	གི་	PART
ངང་	ངང་	NOUN
ལ་	ལ་	ADP
ས་	གིས་	PART
འཇའ་འོད་	འཇའ་འོད་	NOUN
སྣ་	སྣ་	NOUN
ལྔ་	ལྔ་	NUM
འི་	གི་	PART
གུར་ཁྱིམ་	གུར་ཁྱིམ་	OTHER
གྱི་	གི་	PART
ནང་	ནང་	NOUN
དུ་	ལ་	PART
༔		PUNCT
པད་	པད་	NO_POS
ཟླ་	ཟླ་	NOUN
འི་	གི་	PART
སྟེང་	སྟེང་	NOUN
དུ་	ལ་	PART
རང་རིག་	རང་རིག་	NO_POS
ཧཱུྃ་		NON_WORD
ཡིག་དཀར་པོ་	ཡིག་དཀར་པོ་	NO_POS
༔		PUNCT
དེ་ལས་	དེ་ལས་	NO_POS
འོད་འཕྲོ་	འོད་འཕྲོ་	NO_POS
ས་	གིས་	PART
འཕགས་པ་	འཕགས་པ་	VERB
མཆོད་	མཆོད་	VERB
༔		PUNCT
སེམས་ཅན་	སེམས་ཅན་	NOUN
གྱི་	གི་	PART
དོན་	དོན་	NOUN
བྱ་	བྱ་	VERB
༔		PUNCT
འོད་ཟེར་	འོད་ཟེར་	NOUN
ཚུ་		
འདུ་	འདུ་	VERB
ཧཱུྃ་		NON_WORD
ལ་	ལ་	PART
ཐིམ་	ཐིམ་	NO_POS
ཞིང་	ཅིང་	PART
ཡོངས་སུ་	ཡོངས་སུ་	NO_POS
གྱུར་པ་	གྱུར་པ་	VERB
ལ་	ལ་	ADP
ས་	གིས་	PART
༔		PUNCT
རང་ཉིད་	རང་ཉིད་	OTHER
རྡོ་རྗེ་	རྡོ་རྗེ་	NOUN
སེམས་དཔའ་	སེམས་དཔའ་	NOUN
སྐུ་མདོག་	སྐུ་མདོག་	NOUN
དཀར་པོ་	དཀར་པོ་	ADJ
ཞལ་	ཞལ་	NOUN
གཅིག་	གཅིག་	NUM
ཕྱག་	ཕྱག་	NOUN
གཉིས་པ་	གཉིས་པ་	NUM
༔		PUNCT
ཕྱག་	ཕྱག་	NOUN
གཡའ་	གཡའ་	NOUN
རྡོ་རྗེ་	རྡོ་རྗེ་	NOUN
གཡོན་	གཡོན་	NOUN
དྲིལ་བུ་	དྲིལ་བུ་	NOUN
འཛིན་པ་	འཛིན་པ་	VERB
ལོངས་སྐུ་	ལོངས་སྐུ་	NOUN
འི་	གི་	PART
ཆ་བྱད་	ཆ་བྱད་	NOUN
ཅན་	ཅན་	PART
༔		PUNCT
མཚན་དཔེ་	མཚན་དཔེ་	NOUN
འི་	གི་	PART
གཟི་བརྗིད་	གཟི་བརྗིད་	NOUN
འབར་བ་	འབར་བ་	VERB
༔		PUNCT
ཞབས་	ཞབས་	NOUN
སྐྱིལ་ཀྲུང་	སྐྱིལ་ཀྲུང་	NOUN
གིས་	གིས་	PART
བཞུགས་པ་	བཞུགས་པ་	VERB
འི་	གི་	PART
པང་	པང་	NOUN
དུ་	ལ་	PART
ཡུམ་	ཡུམ་	NOUN
རྡོ་རྗེ་	རྡོ་རྗེ་	NOUN
སྙེམས་	སྙེམས་	NO_POS
མ་	མ་	PART
དཀར་མོ་	དཀར་མོ་	ADJ
གྲི་	གྲི་	NOUN
ཐོད་	ཐོད་	NOUN
འཛིན་པ་	འཛིན་པ་	VERB
ས་	གིས་	PART
མགུལ་	མགུལ་	NOUN
ན་	ནས་	PART
འཁྱུད་པ་	འཁྱུད་པ་	VERB
དང་	དང་	NO_POS
མཉམ་པ་	མཉམ་པ་	VERB
ར་	ལ་	PART
སྦྱོར་བ་	སྦྱོར་བ་	VERB
༔		PUNCT
སྐུ་	སྐུ་	NOUN
ལ་	ལ་	ADP
ས་	གིས་	PART
དྲི་མ་	དྲི་མ་	NOUN
མེད་པ་	མེད་པ་	VERB
འི་	གི་	PART
འོད་ཟེར་	འོད་ཟེར་	NOUN
འཕྲོ་	འཕྲོ་	NOUN
ཞིང་	ཅིང་	PART
༔		PUNCT
བདེ་སྟོང་	བདེ་སྟོང་	NOUN
ཡེ་ཤེས་	ཡེ་ཤེས་	NOUN
ཀྱི་	གི་	PART
རོལ་པ་	རོལ་པ་	VERB
སྣང་སྟོང་	སྣང་སྟོང་	NO_POS
འཇའ་ཚོན་	འཇའ་ཚོན་	NOUN
ལྟ་བུ་	ལྟ་བུ་	NOUN
འི་	གི་	PART
སྐུ་	སྐུ་	NOUN
གྱུར་	གྱུར་	VERB
༔		PUNCT
རང་	རང་	PRON
གི་	གི་	PART
ཐུགས་ཀ་	ཐུགས་ཀ་	NOUN
ར་	ལ་	PART
ཟླ་བ་	ཟླ་བ་	NOUN
འི་	གི་	PART
སྟེང་	སྟེང་	NOUN
དུ་	ལ་	PART
ཧཱུྃ་		NON_WORD
ཡིག་དཀར་པོ་	ཡིག་དཀར་པོ་	NO_POS
འི་	གི་	PART
མཐའ་སྐོར་	མཐའ་སྐོར་	NO_POS
དུ་	ལ་	PART
སྔགས་	སྔགས་	NOUN
ཕྲེང་	ཕྲེང་	OTHER
གིས་	གིས་	PART
བསྐོར་བ་	བསྐོར་བ་	VERB
༔		PUNCT
དེ་ལས་	དེ་ལས་	NO_POS
འོད་ཟེར་	འོད་ཟེར་	NOUN
འཕྲོས་པ་	འཕྲོས་པ་	VERB
ས་	གིས་	PART
སྣང་སྲིད་	སྣང་སྲིད་	NOUN
སྣོད་བཅུད་	སྣོད་བཅུད་	NOUN
ཐམས་ཅད་	ཐམས་ཅད་	DET
ལ་	ལ་	PART
ཁྱབ་	ཁྱབ་	VERB
༔		PUNCT
ཐ་མལ་	ཐ་མལ་	ADJ
མ་	མ་	PART
དག་པ་	དག་པ་	VERB
འི་	གི་	PART
སྣང་ཞེན་	སྣང་ཞེན་	NOUN
ཐམས་ཅད་	ཐམས་ཅད་	DET
སྦྱངས་	སྦྱངས་	VERB
ཏེ་	སྟེ་	PART
༔		PUNCT
སྣོད་	སྣོད་	NOUN
ཀྱི་	གི་	PART
འཇིག་རྟེན་	འཇིག་རྟེན་	NOUN
གཞལ་ཡས་	གཞལ་ཡས་	ADJ
ཁང་	ཁང་	NOUN
༔		PUNCT
བཅུད་	བཅུད་	NOUN
ཀྱི་	གི་	PART
སེམས་ཅན་	སེམས་ཅན་	NOUN
ལྷ་	ལྷ་	NOUN
༔		PUNCT
སྒྲ་	སྒྲ་	NOUN
ར་	ལ་	PART
གྲགས་པ་	གྲགས་པ་	VERB
ཐམས་ཅད་	ཐམས་ཅད་	DET
སྔགས་	སྔགས་	NOUN
ཀྱི་	གི་	PART
རང་	རང་	PRON
སྒྲ་	སྒྲ་	NOUN
ར་	ལ་	PART
གྱུར་པ་	གྱུར་པ་	VERB
ར་	ལ་	PART
བསམ་	བསམ་	NOUN
ཞིང་	ཅིང་	PART
ཡིག་བརྒྱ་	ཡིག་བརྒྱ་	NO_POS
ཅི་	ཅི་	NO_POS
ནུས་	ནུས་	VERB
བཟླ་	བཟླ་	NO_POS
༔		PUNCT
ཐུན་	ཐུན་	NOUN
བསྡུ་བ་	བསྡུ་བ་	VERB
ན་	ལ་	PART
༔		PUNCT
རང་	རང་	PRON
གི་	གི་	PART
ཐུགས་ཀ་	ཐུགས་ཀ་	NOUN
འི་	གི་	PART
ཧཱུྃ་		NON_WORD
ལ་	ལ་	ADP
ས་	གིས་	PART
འོད་ཟེར་	འོད་ཟེར་	NOUN
འཕྲོས་པ་	འཕྲོས་པ་	VERB
ས་	གིས་	PART
དག་པ་	དག་པ་	VERB
འི་	གི་	PART
སྣོད་བཅུད་	སྣོད་བཅུད་	NOUN
ཐམས་ཅད་	ཐམས་ཅད་	DET
ལ་	ལ་	PART
ཁྱབ་	ཁྱབ་	VERB
༔		PUNCT
དེ་དག་	དེ་དག་	OTHER
འོད་	འོད་	NOUN
ཕུང་	ཕུང་	VERB
དུ་	ལ་	PART
གྱུར་པ་	གྱུར་པ་	VERB
རང་	རང་	PRON
ལྷ་	ལྷ་	NOUN
ར་	ལ་	PART
གསལ་བ་	གསལ་བ་	VERB
ལ་	ལ་	PART
ཐིམ་	ཐིམ་	NO_POS
༔		PUNCT
དེ་ཡང་	དེ་ཡང་	ADV
ཐུགས་ཀ་	ཐུགས་ཀ་	NOUN
འི་	གི་	PART
ཧཱུྃ་		NON_WORD
ལ་	ལ་	PART
ཐིམ་	ཐིམ་	NO_POS
༔		PUNCT
ཧཱུྃ་		NON_WORD
གི་	གི་	PART
ཞབས་ཀྱུ་	ཞབས་ཀྱུ་	NO_POS
ཁོག་པ་	ཁོག་པ་	VERB
༔		PUNCT
ཁོག་པ་	ཁོག་པ་	VERB
མགོ་བོ་	མགོ་བོ་	NOUN
༔		PUNCT
མགོ་བོ་	མགོ་བོ་	NOUN
ཟླ་ཚེས་	ཟླ་ཚེས་	OTHER
༔		PUNCT
ཟླ་ཚེས་	ཟླ་ཚེས་	OTHER
ཐིག་ལེ་	ཐིག་ལེ་	NOUN
༔		PUNCT
ཐིག་ལེ་	ཐིག་ལེ་	NOUN
ན་	ལ་	PART
དཱ་		NON_WORD
༔		PUNCT
ན་	ལ་	PART
དཱ་		NON_WORD
མི་	མི་	PART
དམིགས་པ་	དམིགས་པ་	VERB
ར་	ལ་	PART
སྟོང་པ་	སྟོང་པ་	VERB
ར་	ལ་	PART
གྱུར་	གྱུར་	VERB
༔		PUNCT
དེ་	དེ་	DET
འི་	གི་	PART
ངང་	ངང་	NOUN
ལ་	ལ་	ADP
ས་	གིས་	PART
སླར་ཡང་	སླར་ཡང་	OTHER
རང་ཉིད་	རང་ཉིད་	OTHER
ལྷ་	ལྷ་	NOUN
འི་	གི་	PART
སྐུ་	སྐུ་	NOUN
གྱུར་	གྱུར་	VERB
ཞེ་	ཅེས་	PART
བརྗོད་	བརྗོད་	VERB
ཅིང་	ཅིང་	PART
བསམ་	བསམ་	NOUN
༔		PUNCT
བསྔོ་སྨོན་	བསྔོ་སྨོན་	NO_POS
ཅི་	ཅི་	NO_POS
ཤེས་བྱ་	ཤེས་བྱ་	VERB
༔		PUNCT
ཉམས་ལེན་	ཉམས་ལེན་	NOUN
ཟུར་བཀོད་	ཟུར་བཀོད་	OTHER
འདི་	འདི་	DET
ནི་	ནི་	NO_POS
རིག་འཛིན་	རིག་འཛིན་	OTHER
འགྱུར་མེད་	འགྱུར་མེད་	NOUN
རྡོ་རྗེ་	རྡོ་རྗེ་	NOUN
རྩལ་	རྩལ་	NOUN
གྱིས་	གིས་	PART
གཟིམས་	གཟིམས་	NO_POS
ཆུང་	ཆུང་	VERB
ཡང་	ཀྱང་	PART
དབེན་	དབེན་	VERB
དུ་	ལ་	PART
སྦྱར་པ་	སྦྱར་པ་	VERB
འོ་	གོ་	PART
། །		PUNCT
མངྒ་		NON_WORD
ལཾ་		NON_WORD
།། །།		PUNCT
གཞི༵་		NON_WORD
དབྱིངས་	དབྱིངས་	NOUN
ལྷུན་	ལྷུན་	NOUN
རྫོགས་	རྫོགས་	VERB
རྒྱལ་	རྒྱལ་	VERB
ཐབས་	ཐབས་	NOUN
ཆེ་	ཆེ་	VERB
ར་	ལ་	PART
། །		PUNCT
ལ༵མ་		NON_WORD
སྟེགས་	སྟེགས་	NOUN
འཕྲུལ་	འཕྲུལ་	VERB
ཆེན་	ཆེན་	NO_POS
འཇུག་	འཇུག་	VERB
སྒོ་	སྒོ་	NOUN
ལ་	ལ་	ADP
ས་	གིས་	PART
། །		PUNCT
འབྲ༵ས་		NON_WORD
བུ་	བུ་	NOUN
འི་	གི་	PART
ཡེ་ཤེས་	ཡེ་ཤེས་	NOUN
ཆེ་	ཆེ་	VERB
བརྙེས་	བརྙེས་	NO_POS
ན་	ནས་	PART
། །		PUNCT
ཟུང་འཇུག་	ཟུང་འཇུག་	NOUN
འཁོར་འདས་	འཁོར་འདས་	NOUN
དབང་	དབང་	NOUN
སྒྱུ་	སྒྱུ་	VERB
ཤོག་	ཤོག་	VERB
།		PUNCT
ཅེས་པ་	ཅེས་པ་	PART
འདི་	འདི་	DET
ཡང་	ཀྱང་	PART
སྔོན་དུས་	སྔོན་དུས་	NO_POS
ཆིངས་མ་	ཆིངས་མ་	NO_POS
ཚང་	ཚང་	VERB
ཞིང་	ཅིང་	PART
ཞིབ་ཆ་	ཞིབ་ཆ་	NO_POS
མ་	མ་	PART
སོང་བ་	སོང་བ་	VERB
འི་	གི་	PART
ཡིག་ཆ་	ཡིག་ཆ་	NOUN
སུ་	སུ་	ADP
ས་	གིས་	PART
བྱ་	བྱ་	VERB
མེད་པ་	མེད་པ་	VERB
ཞིག་	ཅིག་	PART
འདུག་པ་	འདུག་པ་	VERB
ལ་	ལ་	PART
།		PUNCT
གཏེར་	གཏེར་	NOUN
གཞུང་	གཞུང་	NOUN
དང་	དང་	NO_POS
ཁྲིད་ཡིག་	ཁྲིད་ཡིག་	NOUN
ཞིབ་	ཞིབ་	NO_POS
དཔྱད་	དཔྱད་	VERB
ཀྱིས་	གིས་	PART
ཉམས་ལེན་	ཉམས་ལེན་	NOUN
བྱེད་པ་	བྱེད་པ་	VERB
འདྲ་	འདྲ་	VERB
འབྱུང་	འབྱུང་	VERB
ན་	ལ་	PART
ཟུར་	ཟུར་	NOUN
ཕྱུང་	ཕྱུང་	VERB
འཇུག་	འཇུག་	VERB
བདེ་	བདེ་	VERB
ར་	ལ་	PART
དམིགས་	དམིགས་	VERB
ན་	ནས་	PART
།		PUNCT
པད་	པད་	NO_POS
བཀོད་	བཀོད་	VERB
སྒམ་	སྒམ་	NO_POS
སྤྲུལ་	སྤྲུལ་	VERB
མིང་	མིང་	NOUN
འཛིན་	འཛིན་	VERB
འགྱུར་མེད་	འགྱུར་མེད་	NOUN
ཨོ་རྒྱན་	ཨོ་རྒྱན་	PROPN
བསྟན་འཛིན་	བསྟན་འཛིན་	NOUN
ཉི་མ་	ཉི་མ་	NOUN
ས་	གིས་	PART
རབ་བྱུང་	རབ་བྱུང་	NOUN
བཅུ་བདུན་པ་	བཅུ་བདུན་པ་	NO_POS
འི་	གི་	PART
རབ་གནས་	རབ་གནས་	NOUN
ཆུ་སྦྲུལ་	ཆུ་སྦྲུལ་	OTHER
ཟླ་བ་	ཟླ་བ་	NOUN
བརྒྱད་པ་	བརྒྱད་པ་	NUM
བཤོལ་བ་	བཤོལ་བ་	VERB
འི་	གི་	PART
སྔ་མ་	སྔ་མ་	ADJ
འི་	གི་	PART
ཚེ་	ཚེ་	NOUN
གསུམ་	གསུམ་	NUM
ཉི་མ་	ཉི་མ་	NOUN
མེ་བཞི་	མེ་བཞི་	NO_POS
འི་	གི་	PART
འགྲུབ་པ་	འགྲུབ་པ་	VERB
འི་	གི་	PART
སྦྱོར་བ་	སྦྱོར་བ་	VERB
ར་	ལ་	PART
བལ་ཡུལ་	བལ་ཡུལ་	PROPN
གྱི་	གི་	PART
གནས་མཆོག་	གནས་མཆོག་	OTHER
སྟག་མོ་	སྟག་མོ་	NOUN
ལུས་སྦྱིན་	ལུས་སྦྱིན་	NO_POS
ཞེ་	ཞེ་	PART
ཆེན་	ཆེན་	NO_POS
སྒྲུབ་	སྒྲུབ་	VERB
སྡེ་	སྡེ་	NOUN
པདྨ་	པདྨ་	NOUN
འོད་	འོད་	NOUN
གླིང་	གླིང་	NOUN
གི་	གི་	PART
རྩེ་མོ་	རྩེ་མོ་	NOUN
ར་	ལ་	PART
བཏུས་པ་	བཏུས་པ་	VERB
འོ་	གོ་	PART
"།། །།
༄༅། །"		PUNCT
རྫོགས་ཆེན་	རྫོགས་ཆེན་	NOUN
ཨ་	ཨ་	X
ཏི་	ཏི་	NO_POS
ཟབ་	ཟབ་	VERB
དོན་སྙིང་པོ་	དོན་སྙིང་པོ་	NOUN
འི་	གི་	PART
ཁྲེགས་ཆོད་	ཁྲེགས་ཆོད་	NO_POS
ཀྱི་	གི་	PART
དམིགས་	དམིགས་	VERB
རིམ་	རིམ་	NOUN
དང་	དང་	NO_POS
འབྲེལ་བ་	འབྲེལ་བ་	VERB
འི་	གི་	PART
སྨོན་ལམ་	སྨོན་ལམ་	NOUN
བཞུགས་	བཞུགས་	VERB
སོ་	གོ་	PART
། །		PUNCT
རྒྱལ་	རྒྱལ་	VERB
ཀུན་	ཀུན་	DET
ངོ་བོ་	ངོ་བོ་	NOUN
མཚོ་སྐྱེས་	མཚོ་སྐྱེས་	OTHER
རྡོ་རྗེ་	རྡོ་རྗེ་	NOUN
དང་	དང་	NO_POS
། །		PUNCT
དབྱེ་	དབྱེ་	VERB
ར་	ལ་	PART
མེད་	མེད་	VERB
རིག་འཛིན་	རིག་འཛིན་	OTHER
གཏེར་བདག་	གཏེར་བདག་	NO_POS
གླིང་པ་	གླིང་པ་	NOUN
འི་	གི་	PART
ཞབས་	ཞབས་	NOUN
། །		PUNCT
གང་	གང་	NO_POS
གི་	གི་	PART
ཚད་	ཚད་	NOUN
མེད་	མེད་	VERB
ཐུགས་རྗེ་	ཐུགས་རྗེ་	NOUN
འི་	གི་	PART
ཕྲིན་ལས་	ཕྲིན་ལས་	NOUN
མཆོག་	མཆོག་	ADJ
།		PUNCT
མི་	མི་	PART
འགྱུར་	འགྱུར་	VERB
དཔལ་	དཔལ་	OTHER
གྱི་	གི་	PART
སྒྲོན་མ་	སྒྲོན་མ་	NOUN
ར་	ལ་	PART
སྙིང་	སྙིང་	NOUN
ན་	ནས་	PART
འདུད་	འདུད་	NO_POS
། །		PUNCT
རྙེད་	རྙེད་	VERB
དཀ་	དཀའ་	VERB
འི་	གི་	PART
རྟེན་	རྟེན་	NOUN
ལ་	ལ་	PART
སྙིང་པོ་	སྙིང་པོ་	NOUN
ལེན་	ལེན་	VERB
སྤྲོ་བ་	སྤྲོ་བ་	VERB
ས་	གིས་	PART
། །		PUNCT
འཆི་བ་	འཆི་བ་	VERB
སྙིང་	སྙིང་	NOUN
ཟུག་	ཟུག་	VERB
ངེས་འབྱུང་	ངེས་འབྱུང་	NOUN
བཅོས་མིན་	བཅོས་མིན་	NO_POS
གྱིས་	གིས་	PART
། །		PUNCT
བཟོད་	བཟོད་	VERB
དཀའ་	དཀའ་	VERB
འཁོར་བ་	འཁོར་བ་	NOUN
འི་	གི་	PART
དུཿ་	དུཿ་	NO_POS
ཁ་	ཁ་	PRON
ར་	ལ་	PART
བློ་	བློ་	NOUN
ལྡོག་	ལྡོག་	VERB
སྟེ་	སྟེ་	PART
། །		PUNCT
ལས་འབྲས་	ལས་འབྲས་	NOUN
བླང་དོར་	བླང་དོར་	NOUN
མ་	མ་	PART
ནོར་	ནོར་	NOUN
སྤྱོད་པ་	སྤྱོད་པ་	VERB
ར་	ལ་	PART
ཤོག་	ཤོག་	VERB
།		PUNCT
བསླུ་མེད་	བསླུ་མེད་	NO_POS
སྐྱབས་གནས་	སྐྱབས་གནས་	NOUN
དཀོན་མཆོག་	དཀོན་མཆོག་	NOUN
རྣམ་	རྣམ་	NOUN
གསུམ་	གསུམ་	NUM
ལ་	ལ་	PART
། །		PUNCT
ལོག་པ་	ལོག་པ་	VERB
འི་	གི་	PART
ལམ་	གམ་	PART
ལ་	ལ་	ADP
ས་	གིས་	PART
ལྡོག་	ལྡོག་	VERB
ཕྱི་	ཕྱི་	OTHER
སྐྱབས་འགྲོ་	སྐྱབས་འགྲོ་	OTHER
དང་	དང་	NO_POS
། །		PUNCT
ཚེ་རབས་	ཚེ་རབས་	NOUN
དྲིན་	དྲིན་	NOUN
གྱིས་	གིས་	PART
བསྐྱངས་པ་	བསྐྱངས་པ་	VERB
འི་	གི་	PART
མ་རྒན་	མ་རྒན་	NOUN
འགྲོ་	འགྲོ་	VERB
ར་	ལ་	PART
། །		PUNCT
ཚད་	ཚད་	NOUN
མེད་	མེད་	VERB
བཞི་	བཞི་	NUM
ལྡན་	ལྡན་	VERB
བྱང་ཆུབ་	བྱང་ཆུབ་	NOUN
སེམས་	སེམས་	NOUN
འབྱོངས་	འབྱོངས་	NO_POS
ཤོག་	ཤོག་	VERB
།		PUNCT
རྡོ་		
སེམས་	སེམས་	NOUN
བདུད་རྩི་	བདུད་རྩི་	NOUN
ས་	གིས་	PART
ཉེས་ལྟུང་	ཉེས་ལྟུང་	NOUN
སྒྲིབ་	སྒྲིབ་	NOUN
སྦྱངས་	སྦྱངས་	VERB
ཤིང་	ཅིང་	PART
། །		PUNCT
གླིང་བཞི་	གླིང་བཞི་	NO_POS
གླིང་ཕྲན་	གླིང་ཕྲན་	NOUN
ལུས་	ལུས་	NOUN
དང་	དང་	NO_POS
ལོངས་སྤྱོད་	ལོངས་སྤྱོད་	NOUN
དང་	དང་	NO_POS
། །		PUNCT
རང་རིག་	རང་རིག་	NO_POS
རང་	རང་	PRON
གསལ་	གསལ་	VERB
དམིགས་མེད་	དམིགས་མེད་	NO_POS
ནམ་མཁ་	ནམ་མཁའ་	NOUN
འི་	གི་	PART
མཛོད་	མཛོད་	NOUN
། །		PUNCT
ཕུལ་བ་	ཕུལ་བ་	VERB
ས་	གིས་	PART
སྒྲིབ་	སྒྲིབ་	NOUN
བྱང་	བྱང་	NOUN
ཚོགས་	ཚོགས་	NOUN
གཉིས་	གཉིས་	NUM
མྱུར་	མྱུར་	VERB
རྫོགས་	རྫོགས་	VERB
ཤོག་	ཤོག་	VERB
།		PUNCT
སྐྱབས་གསུམ་	སྐྱབས་གསུམ་	OTHER
ཀུན་	ཀུན་	DET
འདུ་	འདུ་	VERB
ཐར་པ་	ཐར་པ་	VERB
འི་	གི་	PART
ལམ་མཁན་	ལམ་མཁན་	OTHER
མཆོག་	མཆོག་	ADJ
།		PUNCT
རྡོ་རྗེ་	རྡོ་རྗེ་	NOUN
འཆང་	འཆང་	NO_POS
དངོ་	དངོ་	NOUN
རྩ་བ་	རྩ་བ་	NOUN
འི་	གི་	PART
བླ་མ་	བླ་མ་	NOUN
ལ་	ལ་	PART
། །		PUNCT
སྒོ་གསུམ་	སྒོ་གསུམ་	OTHER
ཟོལ་མེད་	ཟོལ་མེད་	OTHER
དད་པ་	དད་པ་	VERB
ས་	གིས་	PART
གསོལ་	གསོལ་	VERB
བཏབ་	བཏབ་	VERB
མཐུ་	མཐུ་	NOUN
ས་	གིས་	PART
། །		PUNCT
ཚད་	ཚད་	NOUN
མེད་	མེད་	VERB
ཐུགས་རྗེ་	ཐུགས་རྗེ་	NOUN
འི་	གི་	PART
བྱིན་རླབས་	བྱིན་རླབས་	NOUN
ལྷོངས་པ་	ལྷོངས་པ་	NO_POS
ར་	ལ་	PART
ཤོག་	ཤོག་	VERB
།		PUNCT
བླ་མ་	བླ་མ་	NOUN
སྐུ་བཞི་	སྐུ་བཞི་	OTHER
འི་	གི་	PART
ཐུགས་རྗེ་	ཐུགས་རྗེ་	NOUN
འི་	གི་	PART
ནུས་པ་	ནུས་པ་	VERB
འི་	གི་	PART
རྒྱ་	རྒྱ་	VERB
། །		PUNCT
རང་རྒྱུད་	རང་རྒྱུད་	NOUN
གཉུག་	གཉུག་	NO_POS
སེམས་	སེམས་	NOUN
ངོ་བོ་	ངོ་བོ་	NOUN
ར་	ལ་	PART
རྒྱ་	རྒྱ་	VERB
བཏབ་	བཏབ་	VERB
སྟེ་	སྟེ་	PART
། །		PUNCT
སྒོ་གསུམ་	སྒོ་གསུམ་	OTHER
བླ་མ་	བླ་མ་	NOUN
འི་	གི་	PART
རྡོ་རྗེ་	རྡོ་རྗེ་	NOUN
རྣམ་	རྣམ་	NOUN
གསུམ་	གསུམ་	NUM
དང་	དང་	NO_POS
། །		PUNCT
དབྱེ་	དབྱེ་	VERB
ར་	ལ་	PART
མེད་	མེད་	VERB
རོ་	རོ་	NOUN
གཅིག་	གཅིག་	NUM
ངང་	ངང་	NOUN
དུ་	ལ་	PART
འགྱུར་བ་	འགྱུར་བ་	VERB
ར་	ལ་	PART
ཤོག་	ཤོག་	VERB
།		PUNCT
ཏིང་འཛིན་	ཏིང་འཛིན་	NOUN
རྣམ་པ་	རྣམ་པ་	NOUN
གསུམ་	གསུམ་	NUM
གྱིས་	གིས་	PART
ཁོག་	ཁོག་	VERB
ཕུབ་	ཕུབ་	VERB
སྟེ་	སྟེ་	PART
། །		PUNCT
རང་	རང་	PRON
ལུས་	ལུས་	NOUN
གསལ་སྟོང་	གསལ་སྟོང་	NO_POS
རྡོ་རྗེ་	རྡོ་རྗེ་	NOUN
སེམས་དཔ་	སེམས་དཔའ་	NOUN
ར་	ལ་	PART
གསལ་	གསལ་	VERB
། །		PUNCT
ངག་	ངག་	NOUN
རླུང་	རླུང་	NOUN
བུམ་	བུམ་	NOUN
ཅན་	ཅན་	PART
ཡིད་	ཡིད་	NOUN
བཟླས་	བཟླས་	NO_POS
འབྱུང་	འབྱུང་	VERB
འཇུག་	འཇུག་	VERB
གསུམ་	གསུམ་	NUM
། །		PUNCT
འབྲུ་	འབྲུ་	NOUN
གསུམ་	གསུམ་	NUM
དང་	དང་	NO_POS
སྦྱར་	སྦྱར་	VERB
རླུང་	རླུང་	NOUN
སྔགས་	སྔགས་	NOUN
དབྱེ་	དབྱེ་	VERB
ར་	ལ་	PART
མེད་	མེད་	VERB
ཤོག་	ཤོག་	VERB
།		PUNCT
སྒྲ་	སྒྲ་	NOUN
ར་	ལ་	PART
གྲག་	གྲག་	VERB
གྲག་	གྲག་	VERB
སྟོང་	སྟོང་	NUM
སྔགས་	སྔགས་	NOUN
སུ་	ལ་	PART
སྦྱོང་བྱེད་པ་	སྦྱོང་བྱེད་པ་	OTHER
འི་	གི་	PART
། །		PUNCT
ཡིག་དྲུག་	ཡིག་དྲུག་	NO_POS
ཡིག་བརྒྱ་	ཡིག་བརྒྱ་	NO_POS
འི་	གི་	PART
བཟླས་	བཟླས་	NO_POS
བསྒོམ་	བསྒོམ་	VERB
ལ་	ལ་	PART
བརྟེན་	བརྟེན་	VERB
ན་	ནས་	PART
། །		PUNCT
གྲངས་	གྲངས་	NOUN
དུས་	དུས་	NOUN
མཚན་མ་	མཚན་མ་	NOUN
འི་	གི་	PART
བསྙེན་སྒྲུབ་	བསྙེན་སྒྲུབ་	NOUN
མཐ་	མཐའ་	NOUN
ར་	ལ་	PART
ཕྱིན་	ཕྱིན་	VERB
ཏེ་	སྟེ་	PART
། །		PUNCT
གང་	གང་	NO_POS
ཤ་	ཤ་	VERB
ལྷ་	ལྷ་	NOUN
སྔགས་	སྔགས་	NOUN
རོལ་པ་	རོལ་པ་	VERB
ར་	ལ་	PART
རྒྱ་	རྒྱ་	VERB
ཐེབས་	ཐེབས་	VERB
ཤོག་	ཤོག་	VERB
།		PUNCT
སྣང་གྲག་	སྣང་གྲག་	PROPN
མི་	མི་	PART
དམིགས་	དམིགས་	VERB
སྟོང་ཉིད་	སྟོང་ཉིད་	NOUN
ངང་	ངང་	NOUN
དུ་	ལ་	PART
གྱུར་	གྱུར་	VERB
། །		PUNCT
སྟོང་ཉིད་	སྟོང་ཉིད་	NOUN
ངང་	ངང་	NOUN
ལ་	ལ་	ADP
ས་	གིས་	PART
སྐད་ཅིག་	སྐད་ཅིག་	OTHER
དྲན་	དྲན་	VERB
རྫོགས་	རྫོགས་	VERB
སུ་	ལ་	PART
། །		PUNCT
ཆུ་	ཆུ་	NOUN
ལ་	ལ་	ADP
ས་	གིས་	PART
ཆུ་བུར་	ཆུ་བུར་	NOUN
བཞིན་	བཞིན་	NOUN
དུ་	ལ་	PART
ལྷ་	ལྷ་	NOUN
ཡི་	གི་	PART
སྐུ་	སྐུ་	NOUN
། །		PUNCT
ཡེ་རྫོགས་	ཡེ་རྫོགས་	NO_POS
ཕྱག་རྒྱ་	ཕྱག་རྒྱ་	NOUN
ཆེན་པོ་	ཆེན་པོ་	ADJ
ར་	ལ་	PART
མངོན་	མངོན་	VERB
རྫོགས་	རྫོགས་	VERB
ཤོག་	ཤོག་	VERB
།		PUNCT
སྒོ་གསུམ་	སྒོ་གསུམ་	OTHER
འཁོར་བ་	འཁོར་བ་	NOUN
འི་	གི་	PART
འབྲེལ་ཐག་	འབྲེལ་ཐག་	NOUN
གཅོད་པ་	གཅོད་པ་	VERB
འི་	གི་	PART
ཕྱི་	ཕྱི་	OTHER
། །		PUNCT
རིགས་	རིགས་	NOUN
དྲུག་	དྲུག་	NUM
འཁོར་བ་	འཁོར་བ་	NOUN
འི་	གི་	PART
ལས་སྣང་	ལས་སྣང་	NO_POS
དང་	དང་	NO_POS
མཐུན་པ་	མཐུན་པ་	VERB
འི་	གི་	PART
། །		PUNCT
བྱ་སྤྱོད་	བྱ་སྤྱོད་	OTHER
ལ་	ལ་	PART
བརྟེན་	བརྟེན་	VERB
འཁོར་བ་	འཁོར་བ་	NOUN
འི་	གི་	PART
མཚང་	མཚང་	NOUN
རྟོགས་	རྟོགས་	VERB
ཏེ་	སྟེ་	PART
། །		PUNCT
ལུས་ངག་	ལུས་ངག་	NOUN
ཡིད་	ཡིད་	NOUN
གསུམ་	གསུམ་	NUM
ཞེན་པ་	ཞེན་པ་	VERB
རང་	རང་	PRON
ལོག་	ལོག་	VERB
ཤོག་	ཤོག་	VERB
།		PUNCT
འཁྲུལ་རྒྱུ་	འཁྲུལ་རྒྱུ་	NO_POS
འཁོར་བ་	འཁོར་བ་	NOUN
འི་	གི་	PART
ས་བོན་	ས་བོན་	NOUN
བག་ཆགས་	བག་ཆགས་	NOUN
རྣམས་	རྣམས་	DET
། །		PUNCT
སྦྱང་གཞི་	སྦྱང་གཞི་	OTHER
འགྲོ་བ་	འགྲོ་བ་	VERB
དྲུག་	དྲུག་	NUM
གི་	གི་	PART
ལུས་	ལུས་	NOUN
གནས་	གནས་	NOUN
དྲུག་	དྲུག་	NUM
།		PUNCT
སྦྱང་བྱ་	སྦྱང་བྱ་	NO_POS
རིགས་	རིགས་	NOUN
དྲུག་	དྲུག་	NUM
ས་བོན་	ས་བོན་	NOUN
ཡི་གེ་	ཡི་གེ་	NOUN
རྣམས་	རྣམས་	DET
། །		PUNCT
སྦྱོང་བྱེད་	སྦྱོང་བྱེད་	OTHER
རླུང་	རླུང་	NOUN
མེ་	མེ་	NOUN
འི་	གི་	PART
སྦྱོར་བ་	སྦྱོར་བ་	VERB
ས་	གིས་	PART
དག་པ་	དག་པ་	VERB
ར་	ལ་	PART
ཤོག་	ཤོག་	VERB
།		PUNCT
སྤང་བྱ་	སྤང་བྱ་	NOUN
རྣམ་རྟོག་	རྣམ་རྟོག་	NOUN
སྙིང་པོ་	སྙིང་པོ་	NOUN
དགེ་བ་	དགེ་བ་	VERB
འི་	གི་	PART
ཆོ་	ཆོ་	NOUN
། །		PUNCT
གང་	གང་	NO_POS
ཤ་	ཤ་	VERB
དེ་	སྟེ་	PART
ལ་	ལ་	PART
ཤེས་པ་	ཤེས་པ་	VERB
རྩེ་གཅིག་	རྩེ་གཅིག་	ADJ
ཏུ་	ལ་	PART
། །		PUNCT
རང་བབ་	རང་བབ་	NO_POS
སོ་མ་	སོ་མ་	ADJ
ཉིད་	ཉིད་	DET
དུ་	ལ་	PART
བཞག་པ་	བཞག་པ་	VERB
ཡི་	གིས་	PART
། །		PUNCT
སྒོ་གསུམ་	སྒོ་གསུམ་	OTHER
གཞི་	གཞི་	NOUN
ཐོག་	ཐོག་	NOUN
བསམ་གཏན་	བསམ་གཏན་	NOUN
འགྲུབ་པ་	འགྲུབ་པ་	VERB
ར་	ལ་	PART
ཤོག་	ཤོག་	VERB
།		PUNCT
རང་སེམས་	རང་སེམས་	NOUN
མ་	མ་	PART
བཅོ་	བཅོ་	NUM
ས་	གིས་	PART
ལྷུག་པ་	ལྷུག་པ་	NO_POS
ར་	ལ་	PART
གནས་པ་	གནས་པ་	VERB
དེ་	སྟེ་	PART
། །		PUNCT
སྤྱོད་ལམ་	སྤྱོད་ལམ་	NOUN
ཞི་	ཞི་	VERB
དང་བ་	དང་བ་	NOUN
ར་	ལ་	PART
མ་	མ་	PART
རྩུབ་མོ་	རྩུབ་མོ་	ADJ
ཡི་	གིས་	PART
། །		PUNCT
རྐྱེན་	རྐྱེན་	NOUN
དང་	དང་	NO_POS
རིམ་པ་	རིམ་པ་	NOUN
ར་	ལ་	PART
ཁྲིད་	ཁྲིད་	VERB
ཅིང་	ཅིང་	PART
གོམས་པ་	གོམས་པ་	VERB
ར་	ལ་	PART
བསླབ་	བསླབ་	VERB
། །		PUNCT
གནས་བརྟན་	གནས་བརྟན་	NOUN
གྲོལ་བ་	གྲོལ་བ་	VERB
འི་	གི་	PART
གདེང་	གདེང་	NOUN
ཉིད་	ཉིད་	DET
མངོན་	མངོན་	VERB
འགྱུར་	འགྱུར་	VERB
ཤོག་	ཤོག་	VERB
།		PUNCT
ལུས་ངག་	ལུས་ངག་	NOUN
ཡིད་	ཡིད་	NOUN
ཀྱི་	གི་	PART
གནད་	གནད་	NOUN
རྣམས་	རྣམས་	DET
ལེགས་	ལེགས་	VERB
གཅུན་	གཅུན་	NO_POS
ཏེ་	སྟེ་	PART
། །		PUNCT
ལུས་	ལུས་	NOUN
ཀྱི་	གི་	PART
བྱེད་	བྱེད་	VERB
བཅིང་	བཅིང་	NO_POS
ངག་	ངག་	NOUN
གི་	གི་	PART
ཧཱུྃ་		NON_WORD
གདངས་	གདངས་	NOUN
དང་	དང་	NO_POS
། །		PUNCT
སེམས་ཉིད་	སེམས་ཉིད་	NOUN
སྐྱེ་འགག་	སྐྱེ་འགག་	NOUN
ས་	གིས་	PART
འགྲོ་འོང་	འགྲོ་འོང་	NOUN
མཐའ་	མཐའ་	NOUN
དེད་པ་	དེད་པ་	VERB
ས་	གིས་	PART
། །		PUNCT
གནས་ལུགས་	གནས་ལུགས་	VERB
རིག་པ་	རིག་པ་	VERB
འི་	གི་	PART
རང་	རང་	PRON
ངོ་	གོ་	PART
ཤེས་པ་	ཤེས་པ་	VERB
ར་	ལ་	PART
ཤོག་	ཤོག་	VERB
།		PUNCT
མི་	མི་	PART
གཡོ་	གཡོ་	VERB
གསུམ་	གསུམ་	NUM
ལ་	ལ་	PART
བློ་འདས་	བློ་འདས་	NO_POS
འདུས་མ་བྱས་	འདུས་མ་བྱས་	NO_POS
། །		PUNCT
རང་	རང་	PRON
རྩལ་	རྩལ་	NOUN
མ་	མ་	PART
འགག་	འགག་	VERB
ས་	གིས་	PART
འཆར་སྒོ་	འཆར་སྒོ་	OTHER
ཅིར་	ཅིར་	NO_POS
སྣང་	སྣང་	VERB
ཀུན་	ཀུན་	DET
། །		PUNCT
སྣང་སྟོང་	སྣང་སྟོང་	NO_POS
དབྱེ་	དབྱེ་	VERB
ར་	ལ་	PART
མེད་	མེད་	VERB
ཆུ་	ཆུ་	NOUN
དང་	དང་	NO_POS
ཟླ་	ཟླ་	NOUN
གཟུགས་	གཟུགས་	NOUN
བཞིན་	བཞིན་	NOUN
། །		PUNCT
གསལ་སྟོང་	གསལ་སྟོང་	NO_POS
དབྱེ་	དབྱེ་	VERB
ར་	ལ་	PART
མེད་	མེད་	VERB
སྤྲོས་བྲལ་	སྤྲོས་བྲལ་	ADJ
ངང་	ངང་	NOUN
གནས་	གནས་	NOUN
ཤོག་	ཤོག་	VERB
།		PUNCT
དུག་	དུག་	NOUN
གསུམ་	གསུམ་	NUM
དུག་	དུག་	NOUN
ལྔ་	ལྔ་	NUM
ཚོགས་	ཚོགས་	NOUN
དྲུག་	དྲུག་	NUM
ཡུལ་	ཡུལ་	NOUN
སྣང་	སྣང་	VERB
ཀུན་	ཀུན་	DET
། །		PUNCT
གང་	གང་	NO_POS
ཤ་	ཤ་	VERB
རིག་པ་	རིག་པ་	VERB
བཅིང་	བཅིང་	NO_POS
གྲོལ་	གྲོལ་	VERB
ལ་	ལ་	ADP
ས་	གིས་	PART
འདས་པ་	འདས་པ་	VERB
། །		PUNCT
རང་བབ་	རང་བབ་	NO_POS
སྤྲོས་བྲལ་	སྤྲོས་བྲལ་	ADJ
ཀ་དག་	ཀ་དག་	OTHER
དབྱིངས་	དབྱིངས་	NOUN
རྫོགས་པ་	རྫོགས་པ་	VERB
འི་	གི་	PART
། །		PUNCT
སྒོམ་	སྒོམ་	VERB
བྱེད་ལས་	བྱེད་ལས་	NOUN
འདའ་	འདའ་	VERB
གནས་ལུགས་	གནས་ལུགས་	VERB
རྟོགས་པ་	རྟོགས་པ་	VERB
ར་	ལ་	PART
ཤོག་	ཤོག་	VERB
།		PUNCT
ས་ལམ་	ས་ལམ་	OTHER
ཡོན་ཏན་	ཡོན་ཏན་	NOUN
མ་	མ་	PART
ལུས་	ལུས་	NOUN
མྱུར་	མྱུར་	VERB
རྫོགས་	རྫོགས་	VERB
ཏེ་	སྟེ་	PART
། །		PUNCT
ཀུན་བཟང་	ཀུན་བཟང་	ADJ
གདོད་མ་	གདོད་མ་	OTHER
འི་	གི་	PART
རང་ཞལ་	རང་ཞལ་	OTHER
མངོན་གྱུར་	མངོན་གྱུར་	ADJ
ཅིང་	ཅིང་	PART
། །		PUNCT
མཁའ་ཁྱབ་	མཁའ་ཁྱབ་	NOUN
འགྲོ་བ་	འགྲོ་བ་	VERB
འི་	གི་	PART
མགོན་པོ་	མགོན་པོ་	NOUN
ཉིད་	ཉིད་	DET
གྱུར་པ་	གྱུར་པ་	VERB
འི་	གི་	PART
། །		PUNCT
དོན་	དོན་	NOUN
གཉིས་	གཉིས་	NUM
ལྷུན་	ལྷུན་	NOUN
གྱིས་	གིས་	PART
གྲུབ་པ་	གྲུབ་པ་	VERB
འི་	གི་	PART
དཔལ་	དཔལ་	OTHER
ཐོབ་	ཐོབ་	VERB
ཤོག་	ཤོག་	VERB
།		PUNCT
དེ་ལྟ་	དེ་ལྟ་	NO_POS
ཚེ་	ཚེ་	NOUN
འདི་	འདི་	DET
ར་	ལ་	PART
གྲོལ་བ་	གྲོལ་བ་	VERB
ར་	ལ་	PART
མ་	མ་	PART
གྱུར་	གྱུར་	VERB
ན་	ལ་	PART
། །		PUNCT
བར་དོ་	བར་དོ་	NOUN
ར་	ལ་	PART
རང་	རང་	PRON
བྱན་	བྱན་	NO_POS
ཆུད་པ་	ཆུད་པ་	VERB
འི་	གི་	PART
གདེང་	གདེང་	NOUN
རྙེད་	རྙེད་	VERB
ཅིང་	ཅིང་	PART
། །		PUNCT
དེ་	དེ་	DET
ར་	ལ་	PART
ངོ་མ་	ངོ་མ་	OTHER
འཕྲོད་	འཕྲོད་	NO_POS
རང་བཞིན་	རང་བཞིན་	NOUN
སྤྲུལ་སྐུ་	སྤྲུལ་སྐུ་	NOUN
འི་	གི་	PART
ཞིང་	ཅིང་	PART
། །		PUNCT
པདྨ་	པདྨ་	NOUN
འི་	གི་	PART
སྙིང་པོ་	སྙིང་པོ་	NOUN
ར་	ལ་	PART
བརྫུས་	བརྫུས་	NO_POS
ཏེ་	སྟེ་	PART
སྐྱེ་བ་	སྐྱེ་བ་	VERB
ར་	ལ་	PART
ཤོག་	ཤོག་	VERB
།		PUNCT
དེ་ལས་	དེ་ལས་	NO_POS
བྱེ་བ་	བྱེ་བ་	NOUN
ཕྲག་	ཕྲག་	NUM
བརྒྱ་	བརྒྱ་	NUM
འི་	གི་	PART
རྣམ་	རྣམ་	NOUN
རོལ་	རོལ་	VERB
ནི་	ནི་	NO_POS
། །		PUNCT
གང་	གང་	NO_POS
འདུལ་	འདུལ་	NO_POS
མོས་པ་	མོས་པ་	VERB
འི་	གི་	PART
དཔལ་	དཔལ་	OTHER
དུ་	ལ་	PART
ཡོངས་	ཡོངས་	DET
ཤ་	ཤ་	VERB
ཏེ་	སྟེ་	PART
། །		PUNCT
མཐའ་	མཐའ་	NOUN
ཡ་		
འགྲོ་	འགྲོ་	VERB
རྣམས་	རྣམས་	DET
འཁོར་	འཁོར་	NOUN
མཚོ་	མཚོ་	NOUN
ལ་	ལ་	ADP
ས་	གིས་	PART
སྒྲོལ་བ་	སྒྲོལ་བ་	VERB
འི་	གི་	PART
། །		PUNCT
སྙིང་སྟོབས་	སྙིང་སྟོབས་	NOUN
བསོད་ནམས་	བསོད་ནམས་	NOUN
རྒྱ་	རྒྱ་	NOUN
ཆེན་	ཆེན་	NO_POS
ཐོབ་པ་	ཐོབ་པ་	VERB
ར་	ལ་	PART
ཤོག་	ཤོག་	VERB
།		PUNCT
ཀྱེ་མ་	ཀྱེ་མ་	INTJ
བླ་མ་	བླ་མ་	NOUN
ཡི་དམ་	ཡི་དམ་	NOUN
མཁའ་འགྲོ་	མཁའ་འགྲོ་	NOUN
འི་	གི་	PART
ཚོགས་	ཚོགས་	NOUN
། །		PUNCT
བདག་	བདག་	PRON
གིས་	གིས་	PART
ཇི་ལྟ་		
བསམ་པ་	བསམ་པ་	VERB
འི་	གི་	PART
དོན་	དོན་	NOUN
རྣམས་	རྣམས་	DET
ཀུན་	ཀུན་	DET
། །		PUNCT
དཀའ་བ་	དཀའ་བ་	VERB
མེད་པ་	མེད་པ་	VERB
ར་	ལ་	PART
མྱུར་	མྱུར་	VERB
དུ་	ལ་	PART
འགྲུབ་	འགྲུབ་	VERB
འགྱུར་བ་	འགྱུར་བ་	VERB
འི་	གི་	PART
། །		PUNCT
བྱིན་	བྱིན་	VERB
གྱིས་	གིས་	PART
བརླབས་པ་	བརླབས་པ་	VERB
འི་	གི་	PART
དངོས་གྲུབ་	དངོས་གྲུབ་	NOUN
དུས་	དུས་	NOUN
འདི་	འདི་	DET
ར་	ལ་	PART
སྩོལ་	སྩོལ་	VERB
། །		PUNCT
ཅེས་	ཅེས་	PART
གཏེར་	གཏེར་	NOUN
གས་	གསའ་	NO_POS
ར་	ལ་	PART
རྫོགས་པ་	རྫོགས་པ་	VERB
ཆེན་པོ་	ཆེན་པོ་	ADJ
ཨ་	ཨ་	X
ཏི་	ཏི་	NO_POS
ཟབ་	ཟབ་	VERB
དོན་སྙིང་པོ་	དོན་སྙིང་པོ་	NOUN
འི་	གི་	PART
ཁྲེགས་ཆོད་	ཁྲེགས་ཆོད་	NO_POS
ཀྱི་	གི་	PART
དམིགས་	དམིགས་	VERB
རིམ་	རིམ་	NOUN
དང་	དང་	NO_POS
འབྲེལ་བ་	འབྲེལ་བ་	VERB
འི་	གི་	PART
སྨོན་ལམ་	སྨོན་ལམ་	NOUN
ཉུང་ངུ་	ཉུང་ངུ་	ADJ
ར་	ལ་	PART
བགྱིས་པ་	བགྱིས་པ་	VERB
འདི་	འདི་	DET
ནི་	ནི་	NO_POS
།		PUNCT
མི་ཕྱེད་པ་	མི་ཕྱེད་པ་	PROPN
འི་	གི་	PART
དད་	དད་	VERB
སྟོབས་	སྟོབས་	NOUN
མངའ་བ་	མངའ་བ་	VERB
སྡེ་པ་	སྡེ་པ་	NOUN
གནོད་སྦྱིན་	གནོད་སྦྱིན་	NOUN
དབང་	དབང་	NOUN
འདུ་	འདུ་	VERB
ལགས་	ལགས་	AUX
ཀྱིས་	གིས་	PART
གནང་སྐྱེས་	གནང་སྐྱེས་	NO_POS
བཟང་པོ་	བཟང་པོ་	ADJ
དང་	དང་	NO_POS
བཅའ་	བཅའ་	VERB
བསྐུལ་བ་	བསྐུལ་བ་	VERB
ར་	ལ་	PART
མཛད་པ་	མཛད་པ་	VERB
འི་	གི་	PART
ངོ་མ་	ངོ་མ་	OTHER
ཆོག་པ་	ཆོག་པ་	VERB
ར་	ལ་	PART
རྫོགས་པ་	རྫོགས་པ་	VERB
ཆེན་པོ་	ཆེན་པོ་	ADJ
འི་	གི་	PART
རྣལ་འབྱོར་	རྣལ་འབྱོར་	NOUN
གྱི་	གི་	PART
རྟགས་	རྟགས་	NOUN
ཙམ་	ཙམ་	DET
འཛིན་པ་	འཛིན་པ་	VERB
མི་	མི་	PART
འགྱུར་	འགྱུར་	VERB
དཔལ་	དཔལ་	OTHER
གྱི་	གི་	PART
སྒྲོན་མ་	སྒྲོན་མ་	NOUN
ས་	གིས་	PART
གང་	གང་	NO_POS
ཤ་	ཤ་	VERB
དུ་	ལ་	PART
བྲིས་པ་	བྲིས་པ་	VERB
འོ་	གོ་	PART
། །		PUNCT
ནོངས་པ་	ནོངས་པ་	VERB
མཆིས་	མཆིས་	VERB
ན་	ལ་	PART
ཆོས་བདག་	ཆོས་བདག་	NO_POS
མཁའ་འགྲོ་	མཁའ་འགྲོ་	NOUN
འི་	གི་	PART
ཚོགས་	ཚོགས་	NOUN
ཀྱིས་	གིས་	PART
བཟོད་པ་	བཟོད་པ་	VERB
ར་	ལ་	PART
མཛད་	མཛད་	VERB
དུ་	ལ་	PART
གསོལ་	གསོལ་	VERB
།		PUNCT
དགེ་ལེགས་	དགེ་ལེགས་	OTHER
འཕེལ་	འཕེལ་	VERB
།། །། ༈		PUNCT
དཔེ་	དཔེ་	NOUN
ཚན་	ཚན་	NOUN
འདི་	འདི་	DET
སྔོན་ཆད་	སྔོན་ཆད་	ADV
གཏེར་མཛོད་	གཏེར་མཛོད་	NOUN
དཀྱུས་	དཀྱུས་	NOUN
སུ་	ལ་	PART
མེད་	མེད་	VERB
ཅིང་	ཅིང་	PART
།		PUNCT
བལ་ཡུལ་	བལ་ཡུལ་	PROPN
ཞེ་	ཞེ་	PART
དགོན་	དགོན་	OTHER
གྱི་པ་	གྱི་པ་	PART
ར་	ལ་	PART
གས་	གསའ་	NO_POS
ར་	ལ་	PART
འདི་	འདི་	DET
ར་	ལ་	PART
གས་	གསའ་	NO_POS
ར་	ལ་	PART
བཞག་	བཞག་	VERB
བྱས་པ་	བྱས་པ་	VERB
ས་	གིས་	PART
ལུང་རྒྱུན་	ལུང་རྒྱུན་	NO_POS
ལ་	ལ་	PART
ཞིབ་	ཞིབ་	NO_POS
རྟོག་	རྟོག་	VERB
དགོས་པ་	དགོས་པ་	VERB
ཡིན་	ཡིན་	NO_POS
ནོ་	གོ་	PART
།།		PUNCT
